2025-08-07 20:53:19,577 - DEBUG - Falling back to TensorFlow client; we recommended you install the Cloud TPU client directly with pip install cloud-tpu-client.
2025-08-07 20:53:21,813 - DEBUG - Starting new HTTP connection (1): localhost:5000
2025-08-07 22:18:38,090 - DEBUG - Falling back to TensorFlow client; we recommended you install the Cloud TPU client directly with pip install cloud-tpu-client.
2025-08-07 22:18:50,587 - INFO - Refreshing face recognition model...
2025-08-07 22:18:50,629 - INFO - Model loaded successfully - 117 soldiers
2025-08-07 22:18:50,787 - INFO - Auto refresh started with 300s interval
2025-08-07 22:18:51,315 - INFO - Emotion and face detection models loaded successfully
2025-08-07 22:18:53,180 - INFO - Dynamic session timeout loaded: 900 seconds
2025-08-07 22:18:53,266 - INFO - [31m[1mWARNING: This is a development server. Do not use it in a production deployment. Use a production WSGI server instead.[0m
 * Running on http://127.0.0.1:5000
2025-08-07 22:18:53,266 - INFO - [33mPress CTRL+C to quit[0m
2025-08-07 22:18:53,271 - INFO -  * Restarting with stat
2025-08-07 22:18:59,369 - DEBUG - Falling back to TensorFlow client; we recommended you install the Cloud TPU client directly with pip install cloud-tpu-client.
2025-08-07 22:19:02,098 - DEBUG - Falling back to TensorFlow client; we recommended you install the Cloud TPU client directly with pip install cloud-tpu-client.
2025-08-07 22:19:03,517 - DEBUG - Starting new HTTP connection (1): localhost:5000
2025-08-07 22:19:06,143 - INFO - Refreshing face recognition model...
2025-08-07 22:19:06,162 - INFO - Model loaded successfully - 117 soldiers
2025-08-07 22:19:06,180 - INFO - Auto refresh started with 300s interval
2025-08-07 22:19:06,500 - INFO - Emotion and face detection models loaded successfully
2025-08-07 22:19:07,614 - INFO - Dynamic session timeout loaded: 900 seconds
2025-08-07 22:19:07,684 - WARNING -  * Debugger is active!
2025-08-07 22:19:07,703 - INFO -  * Debugger PIN: 132-663-522
2025-08-07 22:19:08,322 - INFO - Model loaded successfully - 117 soldiers
2025-08-07 22:19:08,344 - INFO - Model loaded successfully - 117 soldiers
2025-08-07 22:19:08,364 - INFO - Model loaded successfully - 117 soldiers
2025-08-07 22:19:08,709 - INFO - Emotion and face detection models loaded successfully
2025-08-07 22:19:08,732 - INFO - 127.0.0.1 - - [07/Aug/2025 22:19:08] "GET /api/monitor/system/health HTTP/1.1" 200 -
2025-08-07 22:19:08,733 - DEBUG - http://localhost:5000 "GET /api/monitor/system/health HTTP/1.1" 200 9548
2025-08-07 22:19:08,762 - INFO - Model loaded successfully - 117 soldiers
2025-08-07 22:19:08,788 - INFO - Model loaded successfully - 117 soldiers
2025-08-07 22:19:08,808 - INFO - Model loaded successfully - 117 soldiers
2025-08-07 22:19:08,876 - INFO - Refreshing face recognition model...
2025-08-07 22:19:08,897 - INFO - Model loaded successfully - 117 soldiers
2025-08-07 22:19:08,911 - INFO - Auto refresh started with 300s interval
2025-08-07 22:19:09,298 - INFO - Emotion and face detection models loaded successfully
2025-08-07 22:19:09,302 - INFO - Refreshing face recognition model...
2025-08-07 22:19:09,325 - INFO - Model loaded successfully - 117 soldiers
2025-08-07 22:19:09,357 - INFO - Model loaded successfully - 117 soldiers
2025-08-07 22:19:09,381 - INFO - Model loaded successfully - 117 soldiers
2025-08-07 22:19:09,409 - DEBUG - Starting new HTTP connection (1): localhost:5000
2025-08-07 22:19:11,474 - INFO - Model loaded successfully - 117 soldiers
2025-08-07 22:19:11,495 - INFO - Model loaded successfully - 117 soldiers
2025-08-07 22:19:11,516 - INFO - Model loaded successfully - 117 soldiers
2025-08-07 22:19:11,558 - INFO - 127.0.0.1 - - [07/Aug/2025 22:19:11] "GET /api/monitor/face-model/status HTTP/1.1" 200 -
2025-08-07 22:19:11,560 - DEBUG - http://localhost:5000 "GET /api/monitor/face-model/status HTTP/1.1" 200 5910
2025-08-07 22:19:11,569 - DEBUG - Starting new HTTP connection (1): localhost:5000
2025-08-07 22:19:13,608 - INFO - Model loaded successfully - 117 soldiers
2025-08-07 22:19:13,621 - INFO - Model loaded successfully - 117 soldiers
2025-08-07 22:19:13,634 - INFO - Model loaded successfully - 117 soldiers
2025-08-07 22:19:13,880 - INFO - Emotion and face detection models loaded successfully
2025-08-07 22:19:13,899 - INFO - 127.0.0.1 - - [07/Aug/2025 22:19:13] "GET /api/monitor/system/health HTTP/1.1" 200 -
2025-08-07 22:19:13,900 - DEBUG - http://localhost:5000 "GET /api/monitor/system/health HTTP/1.1" 200 9548
2025-08-07 22:19:13,906 - DEBUG - Starting new HTTP connection (1): localhost:5000
2025-08-07 22:19:15,950 - INFO - 127.0.0.1 - - [07/Aug/2025 22:19:15] "GET /api/monitor/face-model/soldiers HTTP/1.1" 200 -
2025-08-07 22:19:15,951 - DEBUG - http://localhost:5000 "GET /api/monitor/face-model/soldiers HTTP/1.1" 200 2123
2025-08-07 22:19:15,959 - DEBUG - Starting new HTTP connection (1): localhost:5000
2025-08-07 22:19:18,012 - INFO - Model loaded successfully - 117 soldiers
2025-08-07 22:19:18,015 - INFO - 127.0.0.1 - - [07/Aug/2025 22:19:18] "GET /api/monitor/face-model/integrity HTTP/1.1" 200 -
2025-08-07 22:19:18,016 - DEBUG - http://localhost:5000 "GET /api/monitor/face-model/integrity HTTP/1.1" 200 275
2025-08-07 22:19:18,024 - DEBUG - Starting new HTTP connection (1): localhost:5000
2025-08-07 22:19:20,076 - INFO - Model loaded successfully - 117 soldiers
2025-08-07 22:19:20,102 - INFO - 127.0.0.1 - - [07/Aug/2025 22:19:20] "GET /api/monitor/face-model/database-sync HTTP/1.1" 200 -
2025-08-07 22:19:20,104 - DEBUG - http://localhost:5000 "GET /api/monitor/face-model/database-sync HTTP/1.1" 200 232
2025-08-07 22:19:20,110 - DEBUG - Starting new HTTP connection (1): localhost:5000
2025-08-07 22:19:22,452 - INFO - Emotion and face detection models loaded successfully
2025-08-07 22:19:22,454 - INFO - 127.0.0.1 - - [07/Aug/2025 22:19:22] "GET /api/monitor/emotion-model/status HTTP/1.1" 200 -
2025-08-07 22:19:22,455 - DEBUG - http://localhost:5000 "GET /api/monitor/emotion-model/status HTTP/1.1" 200 2643
2025-08-07 22:19:22,462 - DEBUG - Starting new HTTP connection (1): localhost:5000
2025-08-07 22:19:24,531 - INFO - Model loaded successfully - 117 soldiers
2025-08-07 22:19:24,551 - INFO - Model loaded successfully - 117 soldiers
2025-08-07 22:19:24,571 - INFO - Model loaded successfully - 117 soldiers
2025-08-07 22:19:24,608 - INFO - 127.0.0.1 - - [07/Aug/2025 22:19:24] "GET /api/image/model-status HTTP/1.1" 200 -
2025-08-07 22:19:24,609 - DEBUG - http://localhost:5000 "GET /api/image/model-status HTTP/1.1" 200 5910
2025-08-07 22:21:14,187 - INFO -  * Detected change in 'D:\\Manodarsh\\backend\\services\\model_refresh_service.py', reloading
2025-08-07 22:21:15,517 - INFO -  * Restarting with stat
2025-08-07 22:21:25,019 - DEBUG - Falling back to TensorFlow client; we recommended you install the Cloud TPU client directly with pip install cloud-tpu-client.
2025-08-07 22:21:29,606 - INFO - Refreshing face recognition model...
2025-08-07 22:21:29,626 - INFO - Model loaded successfully - 117 soldiers
2025-08-07 22:21:29,627 - INFO - Model refreshed (manual) - Soldiers: 0 -> 117
2025-08-07 22:21:29,630 - INFO - Auto refresh started with 300s interval
2025-08-07 22:21:29,984 - INFO - Emotion and face detection models loaded successfully
2025-08-07 22:21:31,521 - INFO - Dynamic session timeout loaded: 900 seconds
2025-08-07 22:21:31,582 - WARNING -  * Debugger is active!
2025-08-07 22:21:31,595 - INFO -  * Debugger PIN: 132-663-522
2025-08-07 22:22:49,626 - INFO -  * Detected change in 'D:\\Manodarsh\\backend\\fix_face_model.py', reloading
2025-08-07 22:22:50,638 - INFO -  * Restarting with stat
2025-08-07 22:22:59,712 - DEBUG - Falling back to TensorFlow client; we recommended you install the Cloud TPU client directly with pip install cloud-tpu-client.
2025-08-07 22:23:04,429 - INFO - Refreshing face recognition model...
2025-08-07 22:23:04,456 - INFO - Model loaded successfully - 117 soldiers
2025-08-07 22:23:04,459 - INFO - Model refreshed (manual) - Soldiers: 0 -> 117
2025-08-07 22:23:04,462 - INFO - Auto refresh started with 300s interval
2025-08-07 22:23:04,824 - INFO - Emotion and face detection models loaded successfully
2025-08-07 22:23:06,049 - INFO - Dynamic session timeout loaded: 900 seconds
2025-08-07 22:23:06,113 - WARNING -  * Debugger is active!
2025-08-07 22:23:06,126 - INFO -  * Debugger PIN: 132-663-522
2025-08-07 22:23:10,139 - INFO -  * Detected change in 'D:\\Manodarsh\\backend\\fix_face_model.py', reloading
2025-08-07 22:23:10,902 - INFO -  * Restarting with stat
2025-08-07 22:23:20,127 - DEBUG - Falling back to TensorFlow client; we recommended you install the Cloud TPU client directly with pip install cloud-tpu-client.
2025-08-07 22:23:24,629 - INFO - Refreshing face recognition model...
2025-08-07 22:23:24,648 - INFO - Model loaded successfully - 117 soldiers
2025-08-07 22:23:24,649 - INFO - Model refreshed (manual) - Soldiers: 0 -> 117
2025-08-07 22:23:24,652 - INFO - Auto refresh started with 300s interval
2025-08-07 22:23:24,966 - INFO - Emotion and face detection models loaded successfully
2025-08-07 22:23:26,091 - INFO - Dynamic session timeout loaded: 900 seconds
2025-08-07 22:23:26,161 - WARNING -  * Debugger is active!
2025-08-07 22:23:26,172 - INFO -  * Debugger PIN: 132-663-522
2025-08-07 22:24:12,104 - INFO -  * Detected change in 'D:\\Manodarsh\\backend\\fix_face_model.py', reloading
2025-08-07 22:24:13,304 - INFO -  * Restarting with stat
2025-08-07 22:24:23,055 - DEBUG - Falling back to TensorFlow client; we recommended you install the Cloud TPU client directly with pip install cloud-tpu-client.
2025-08-07 22:24:27,919 - INFO - Refreshing face recognition model...
2025-08-07 22:24:27,942 - INFO - Model loaded successfully - 117 soldiers
2025-08-07 22:24:27,944 - INFO - Model refreshed (manual) - Soldiers: 0 -> 117
2025-08-07 22:24:27,947 - INFO - Auto refresh started with 300s interval
2025-08-07 22:24:28,324 - INFO - Emotion and face detection models loaded successfully
2025-08-07 22:24:29,682 - INFO - Dynamic session timeout loaded: 900 seconds
2025-08-07 22:24:29,760 - WARNING -  * Debugger is active!
2025-08-07 22:24:29,771 - INFO -  * Debugger PIN: 132-663-522
2025-08-07 22:26:09,766 - INFO -  * Detected change in 'D:\\Manodarsh\\backend\\fix_face_model.py', reloading
2025-08-07 22:26:11,016 - INFO -  * Restarting with stat
2025-08-07 22:26:20,675 - DEBUG - Falling back to TensorFlow client; we recommended you install the Cloud TPU client directly with pip install cloud-tpu-client.
2025-08-07 22:26:25,566 - INFO - Refreshing face recognition model...
2025-08-07 22:26:25,599 - INFO - Model loaded successfully - 117 soldiers
2025-08-07 22:26:25,601 - INFO - Model refreshed (manual) - Soldiers: 0 -> 117
2025-08-07 22:26:25,604 - INFO - Auto refresh started with 300s interval
2025-08-07 22:26:25,977 - INFO - Emotion and face detection models loaded successfully
2025-08-07 22:26:27,392 - INFO - Dynamic session timeout loaded: 900 seconds
2025-08-07 22:26:27,454 - WARNING -  * Debugger is active!
2025-08-07 22:26:27,467 - INFO -  * Debugger PIN: 132-663-522
2025-08-07 22:26:31,910 - INFO -  * Detected change in 'D:\\Manodarsh\\backend\\fix_face_model.py', reloading
2025-08-07 22:26:33,095 - INFO -  * Restarting with stat
2025-08-07 22:26:42,536 - DEBUG - Falling back to TensorFlow client; we recommended you install the Cloud TPU client directly with pip install cloud-tpu-client.
2025-08-07 22:26:47,316 - INFO - Refreshing face recognition model...
2025-08-07 22:26:47,337 - INFO - Model loaded successfully - 117 soldiers
2025-08-07 22:26:47,339 - INFO - Model refreshed (manual) - Soldiers: 0 -> 117
2025-08-07 22:26:47,341 - INFO - Auto refresh started with 300s interval
2025-08-07 22:26:47,716 - INFO - Emotion and face detection models loaded successfully
2025-08-07 22:26:49,013 - INFO - Dynamic session timeout loaded: 900 seconds
2025-08-07 22:26:49,103 - WARNING -  * Debugger is active!
2025-08-07 22:26:49,115 - INFO -  * Debugger PIN: 132-663-522
2025-08-07 22:26:53,198 - INFO -  * Detected change in 'D:\\Manodarsh\\backend\\fix_face_model.py', reloading
2025-08-07 22:26:54,475 - INFO -  * Restarting with stat
2025-08-07 22:27:03,839 - DEBUG - Falling back to TensorFlow client; we recommended you install the Cloud TPU client directly with pip install cloud-tpu-client.
2025-08-07 22:27:07,973 - INFO - Refreshing face recognition model...
2025-08-07 22:27:07,993 - INFO - Model loaded successfully - 117 soldiers
2025-08-07 22:27:07,995 - INFO - Model refreshed (manual) - Soldiers: 0 -> 117
2025-08-07 22:27:07,997 - INFO - Auto refresh started with 300s interval
2025-08-07 22:27:08,372 - INFO - Emotion and face detection models loaded successfully
2025-08-07 22:27:09,633 - INFO - Dynamic session timeout loaded: 900 seconds
2025-08-07 22:27:09,704 - WARNING -  * Debugger is active!
2025-08-07 22:27:09,717 - INFO -  * Debugger PIN: 132-663-522
2025-08-07 22:27:39,309 - INFO -  * Detected change in 'D:\\Manodarsh\\backend\\services\\face_model_manager.py', reloading
2025-08-07 22:27:40,442 - INFO -  * Restarting with stat
2025-08-07 22:27:51,145 - DEBUG - Falling back to TensorFlow client; we recommended you install the Cloud TPU client directly with pip install cloud-tpu-client.
2025-08-07 22:27:55,830 - INFO - Refreshing face recognition model...
2025-08-07 22:27:55,849 - INFO - Model loaded successfully - 117 soldiers
2025-08-07 22:27:55,850 - INFO - Model refreshed (manual) - Soldiers: 0 -> 117
2025-08-07 22:27:55,853 - INFO - Auto refresh started with 300s interval
2025-08-07 22:27:56,196 - INFO - Emotion and face detection models loaded successfully
2025-08-07 22:27:57,407 - INFO - Dynamic session timeout loaded: 900 seconds
2025-08-07 22:27:57,463 - WARNING -  * Debugger is active!
2025-08-07 22:27:57,474 - INFO -  * Debugger PIN: 132-663-522
2025-08-07 22:31:44,688 - DEBUG - Falling back to TensorFlow client; we recommended you install the Cloud TPU client directly with pip install cloud-tpu-client.
2025-08-07 22:31:48,760 - DEBUG - Starting new HTTP connection (1): localhost:5000
2025-08-07 22:31:50,812 - ERROR - Error loading model: too many values to unpack (expected 2)
2025-08-07 22:31:50,817 - ERROR - Error loading model: too many values to unpack (expected 2)
2025-08-07 22:31:50,818 - ERROR - Error loading model: too many values to unpack (expected 2)
2025-08-07 22:31:51,168 - INFO - Emotion and face detection models loaded successfully
2025-08-07 22:31:51,188 - INFO - 127.0.0.1 - - [07/Aug/2025 22:31:51] "GET /api/monitor/system/health HTTP/1.1" 200 -
2025-08-07 22:31:51,189 - DEBUG - http://localhost:5000 "GET /api/monitor/system/health HTTP/1.1" 200 6889
2025-08-07 22:31:51,194 - ERROR - Error loading model: too many values to unpack (expected 2)
2025-08-07 22:31:51,196 - ERROR - Error loading model: too many values to unpack (expected 2)
2025-08-07 22:31:51,199 - ERROR - Error loading model: too many values to unpack (expected 2)
2025-08-07 22:31:51,265 - INFO - Refreshing face recognition model...
2025-08-07 22:31:51,268 - ERROR - Error loading model: too many values to unpack (expected 2)
2025-08-07 22:31:51,268 - ERROR - Failed to load model during refresh
2025-08-07 22:31:51,272 - INFO - Auto refresh started with 300s interval
2025-08-07 22:31:51,644 - INFO - Emotion and face detection models loaded successfully
2025-08-07 22:31:51,648 - INFO - Refreshing face recognition model...
2025-08-07 22:31:51,650 - ERROR - Error loading model: too many values to unpack (expected 2)
2025-08-07 22:31:51,650 - ERROR - Failed to load model during refresh
2025-08-07 22:31:51,653 - ERROR - Error loading model: too many values to unpack (expected 2)
2025-08-07 22:31:51,656 - ERROR - Error loading model: too many values to unpack (expected 2)
2025-08-07 22:31:51,680 - DEBUG - Starting new HTTP connection (1): localhost:5000
2025-08-07 22:31:53,708 - ERROR - Error loading model: too many values to unpack (expected 2)
2025-08-07 22:31:53,712 - ERROR - Error loading model: too many values to unpack (expected 2)
2025-08-07 22:31:53,714 - ERROR - Error loading model: too many values to unpack (expected 2)
2025-08-07 22:31:53,758 - INFO - 127.0.0.1 - - [07/Aug/2025 22:31:53] "GET /api/monitor/face-model/status HTTP/1.1" 200 -
2025-08-07 22:31:53,760 - DEBUG - http://localhost:5000 "GET /api/monitor/face-model/status HTTP/1.1" 200 3501
2025-08-07 22:31:53,769 - DEBUG - Starting new HTTP connection (1): localhost:5000
2025-08-07 22:31:55,800 - ERROR - Error loading model: too many values to unpack (expected 2)
2025-08-07 22:31:55,803 - ERROR - Error loading model: too many values to unpack (expected 2)
2025-08-07 22:31:55,804 - ERROR - Error loading model: too many values to unpack (expected 2)
2025-08-07 22:31:56,145 - INFO - Emotion and face detection models loaded successfully
2025-08-07 22:31:56,164 - INFO - 127.0.0.1 - - [07/Aug/2025 22:31:56] "GET /api/monitor/system/health HTTP/1.1" 200 -
2025-08-07 22:31:56,165 - DEBUG - http://localhost:5000 "GET /api/monitor/system/health HTTP/1.1" 200 6889
2025-08-07 22:31:56,171 - DEBUG - Starting new HTTP connection (1): localhost:5000
2025-08-07 22:31:58,207 - INFO - 127.0.0.1 - - [07/Aug/2025 22:31:58] "GET /api/monitor/face-model/soldiers HTTP/1.1" 200 -
2025-08-07 22:31:58,208 - DEBUG - http://localhost:5000 "GET /api/monitor/face-model/soldiers HTTP/1.1" 200 2123
2025-08-07 22:31:58,214 - DEBUG - Starting new HTTP connection (1): localhost:5000
2025-08-07 22:32:00,260 - ERROR - Error loading model: too many values to unpack (expected 2)
2025-08-07 22:32:00,261 - INFO - 127.0.0.1 - - [07/Aug/2025 22:32:00] "GET /api/monitor/face-model/integrity HTTP/1.1" 200 -
2025-08-07 22:32:00,262 - DEBUG - http://localhost:5000 "GET /api/monitor/face-model/integrity HTTP/1.1" 200 84
2025-08-07 22:32:00,268 - DEBUG - Starting new HTTP connection (1): localhost:5000
2025-08-07 22:32:02,311 - ERROR - Error loading model: too many values to unpack (expected 2)
2025-08-07 22:32:02,335 - INFO - 127.0.0.1 - - [07/Aug/2025 22:32:02] "GET /api/monitor/face-model/database-sync HTTP/1.1" 200 -
2025-08-07 22:32:02,336 - DEBUG - http://localhost:5000 "GET /api/monitor/face-model/database-sync HTTP/1.1" 200 266
2025-08-07 22:32:02,342 - DEBUG - Starting new HTTP connection (1): localhost:5000
2025-08-07 22:32:04,685 - INFO - Emotion and face detection models loaded successfully
2025-08-07 22:32:04,687 - INFO - 127.0.0.1 - - [07/Aug/2025 22:32:04] "GET /api/monitor/emotion-model/status HTTP/1.1" 200 -
2025-08-07 22:32:04,689 - DEBUG - http://localhost:5000 "GET /api/monitor/emotion-model/status HTTP/1.1" 200 2643
2025-08-07 22:32:04,694 - DEBUG - Starting new HTTP connection (1): localhost:5000
2025-08-07 22:32:06,733 - ERROR - Error loading model: too many values to unpack (expected 2)
2025-08-07 22:32:06,736 - ERROR - Error loading model: too many values to unpack (expected 2)
2025-08-07 22:32:06,737 - ERROR - Error loading model: too many values to unpack (expected 2)
2025-08-07 22:32:06,777 - INFO - 127.0.0.1 - - [07/Aug/2025 22:32:06] "GET /api/image/model-status HTTP/1.1" 200 -
2025-08-07 22:32:06,778 - DEBUG - http://localhost:5000 "GET /api/image/model-status HTTP/1.1" 200 3501
2025-08-07 22:32:55,856 - INFO - Refreshing face recognition model...
2025-08-07 22:32:55,858 - ERROR - Error loading model: too many values to unpack (expected 2)
2025-08-07 22:32:55,858 - ERROR - Failed to load model during refresh
2025-08-07 22:33:12,292 - INFO -  * Detected change in 'D:\\Manodarsh\\backend\\services\\face_model_manager.py', reloading
2025-08-07 22:33:13,632 - INFO -  * Restarting with stat
2025-08-07 22:33:22,708 - DEBUG - Falling back to TensorFlow client; we recommended you install the Cloud TPU client directly with pip install cloud-tpu-client.
2025-08-07 22:33:27,996 - INFO - Refreshing face recognition model...
2025-08-07 22:33:28,015 - WARNING - Model hash mismatch - possible corruption
2025-08-07 22:33:28,015 - WARNING - Soldier count mismatch in metadata
2025-08-07 22:33:28,015 - INFO - Model loaded successfully - 87 soldiers
2025-08-07 22:33:28,016 - INFO - Model refreshed (manual) - Soldiers: 0 -> 87
2025-08-07 22:33:28,021 - INFO - Auto refresh started with 300s interval
2025-08-07 22:33:28,445 - INFO - Emotion and face detection models loaded successfully
2025-08-07 22:33:29,497 - INFO - Dynamic session timeout loaded: 900 seconds
2025-08-07 22:33:29,549 - WARNING -  * Debugger is active!
2025-08-07 22:33:29,558 - INFO -  * Debugger PIN: 132-663-522
2025-08-07 22:33:50,812 - INFO - Refreshing face recognition model...
2025-08-07 22:33:50,815 - ERROR - Error loading model: too many values to unpack (expected 2)
2025-08-07 22:33:50,815 - ERROR - Failed to load model during refresh
2025-08-07 22:34:16,311 - DEBUG - Falling back to TensorFlow client; we recommended you install the Cloud TPU client directly with pip install cloud-tpu-client.
2025-08-07 22:34:20,894 - DEBUG - Starting new HTTP connection (1): localhost:5000
2025-08-07 22:34:22,974 - WARNING - Model hash mismatch - possible corruption
2025-08-07 22:34:22,974 - WARNING - Soldier count mismatch in metadata
2025-08-07 22:34:22,975 - INFO - Model loaded successfully - 87 soldiers
2025-08-07 22:34:22,990 - WARNING - Model hash mismatch - possible corruption
2025-08-07 22:34:22,990 - WARNING - Soldier count mismatch in metadata
2025-08-07 22:34:22,990 - INFO - Model loaded successfully - 87 soldiers
2025-08-07 22:34:23,006 - WARNING - Model hash mismatch - possible corruption
2025-08-07 22:34:23,010 - WARNING - Soldier count mismatch in metadata
2025-08-07 22:34:23,010 - INFO - Model loaded successfully - 87 soldiers
2025-08-07 22:34:23,367 - INFO - Emotion and face detection models loaded successfully
2025-08-07 22:34:23,388 - INFO - 127.0.0.1 - - [07/Aug/2025 22:34:23] "GET /api/monitor/system/health HTTP/1.1" 200 -
2025-08-07 22:34:23,390 - DEBUG - http://localhost:5000 "GET /api/monitor/system/health HTTP/1.1" 200 8110
2025-08-07 22:34:23,410 - WARNING - Model hash mismatch - possible corruption
2025-08-07 22:34:23,411 - WARNING - Soldier count mismatch in metadata
2025-08-07 22:34:23,411 - INFO - Model loaded successfully - 87 soldiers
2025-08-07 22:34:23,426 - WARNING - Model hash mismatch - possible corruption
2025-08-07 22:34:23,427 - WARNING - Soldier count mismatch in metadata
2025-08-07 22:34:23,427 - INFO - Model loaded successfully - 87 soldiers
2025-08-07 22:34:23,442 - WARNING - Model hash mismatch - possible corruption
2025-08-07 22:34:23,443 - WARNING - Soldier count mismatch in metadata
2025-08-07 22:34:23,443 - INFO - Model loaded successfully - 87 soldiers
2025-08-07 22:34:23,514 - INFO - Refreshing face recognition model...
2025-08-07 22:34:23,531 - WARNING - Model hash mismatch - possible corruption
2025-08-07 22:34:23,532 - WARNING - Soldier count mismatch in metadata
2025-08-07 22:34:23,532 - INFO - Model loaded successfully - 87 soldiers
2025-08-07 22:34:23,533 - INFO - Model refreshed (manual) - Soldiers: 0 -> 87
2025-08-07 22:34:23,536 - INFO - Auto refresh started with 300s interval
2025-08-07 22:34:23,918 - INFO - Emotion and face detection models loaded successfully
2025-08-07 22:34:23,923 - INFO - Refreshing face recognition model...
2025-08-07 22:34:23,945 - WARNING - Model hash mismatch - possible corruption
2025-08-07 22:34:23,945 - WARNING - Soldier count mismatch in metadata
2025-08-07 22:34:23,945 - INFO - Model loaded successfully - 87 soldiers
2025-08-07 22:34:23,947 - INFO - Model refreshed (manual) - Soldiers: 87 -> 87
2025-08-07 22:34:23,966 - WARNING - Model hash mismatch - possible corruption
2025-08-07 22:34:23,967 - WARNING - Soldier count mismatch in metadata
2025-08-07 22:34:23,967 - INFO - Model loaded successfully - 87 soldiers
2025-08-07 22:34:23,986 - WARNING - Model hash mismatch - possible corruption
2025-08-07 22:34:23,986 - WARNING - Soldier count mismatch in metadata
2025-08-07 22:34:23,986 - INFO - Model loaded successfully - 87 soldiers
2025-08-07 22:34:24,013 - DEBUG - Starting new HTTP connection (1): localhost:5000
2025-08-07 22:34:26,075 - WARNING - Model hash mismatch - possible corruption
2025-08-07 22:34:26,075 - WARNING - Soldier count mismatch in metadata
2025-08-07 22:34:26,075 - INFO - Model loaded successfully - 87 soldiers
2025-08-07 22:34:26,090 - WARNING - Model hash mismatch - possible corruption
2025-08-07 22:34:26,091 - WARNING - Soldier count mismatch in metadata
2025-08-07 22:34:26,091 - INFO - Model loaded successfully - 87 soldiers
2025-08-07 22:34:26,105 - WARNING - Model hash mismatch - possible corruption
2025-08-07 22:34:26,105 - WARNING - Soldier count mismatch in metadata
2025-08-07 22:34:26,105 - INFO - Model loaded successfully - 87 soldiers
2025-08-07 22:34:26,144 - INFO - 127.0.0.1 - - [07/Aug/2025 22:34:26] "GET /api/monitor/face-model/status HTTP/1.1" 200 -
2025-08-07 22:34:26,145 - DEBUG - http://localhost:5000 "GET /api/monitor/face-model/status HTTP/1.1" 200 5174
2025-08-07 22:34:26,150 - DEBUG - Starting new HTTP connection (1): localhost:5000
2025-08-07 22:34:28,206 - WARNING - Model hash mismatch - possible corruption
2025-08-07 22:34:28,207 - WARNING - Soldier count mismatch in metadata
2025-08-07 22:34:28,207 - INFO - Model loaded successfully - 87 soldiers
2025-08-07 22:34:28,222 - WARNING - Model hash mismatch - possible corruption
2025-08-07 22:34:28,223 - WARNING - Soldier count mismatch in metadata
2025-08-07 22:34:28,223 - INFO - Model loaded successfully - 87 soldiers
2025-08-07 22:34:28,237 - WARNING - Model hash mismatch - possible corruption
2025-08-07 22:34:28,238 - WARNING - Soldier count mismatch in metadata
2025-08-07 22:34:28,238 - INFO - Model loaded successfully - 87 soldiers
2025-08-07 22:34:28,511 - INFO - Emotion and face detection models loaded successfully
2025-08-07 22:34:28,527 - INFO - 127.0.0.1 - - [07/Aug/2025 22:34:28] "GET /api/monitor/system/health HTTP/1.1" 200 -
2025-08-07 22:34:28,527 - DEBUG - http://localhost:5000 "GET /api/monitor/system/health HTTP/1.1" 200 8110
2025-08-07 22:34:28,531 - DEBUG - Starting new HTTP connection (1): localhost:5000
2025-08-07 22:34:30,548 - INFO - 127.0.0.1 - - [07/Aug/2025 22:34:30] "GET /api/monitor/face-model/soldiers HTTP/1.1" 200 -
2025-08-07 22:34:30,549 - DEBUG - http://localhost:5000 "GET /api/monitor/face-model/soldiers HTTP/1.1" 200 1612
2025-08-07 22:34:30,556 - DEBUG - Starting new HTTP connection (1): localhost:5000
2025-08-07 22:34:32,611 - WARNING - Model hash mismatch - possible corruption
2025-08-07 22:34:32,612 - WARNING - Soldier count mismatch in metadata
2025-08-07 22:34:32,612 - INFO - Model loaded successfully - 87 soldiers
2025-08-07 22:34:32,613 - INFO - 127.0.0.1 - - [07/Aug/2025 22:34:32] "GET /api/monitor/face-model/integrity HTTP/1.1" 200 -
2025-08-07 22:34:32,615 - DEBUG - http://localhost:5000 "GET /api/monitor/face-model/integrity HTTP/1.1" 200 224
2025-08-07 22:34:32,621 - DEBUG - Starting new HTTP connection (1): localhost:5000
2025-08-07 22:34:34,669 - WARNING - Model hash mismatch - possible corruption
2025-08-07 22:34:34,670 - WARNING - Soldier count mismatch in metadata
2025-08-07 22:34:34,670 - INFO - Model loaded successfully - 87 soldiers
2025-08-07 22:34:34,696 - INFO - 127.0.0.1 - - [07/Aug/2025 22:34:34] "GET /api/monitor/face-model/database-sync HTTP/1.1" 200 -
2025-08-07 22:34:34,697 - DEBUG - http://localhost:5000 "GET /api/monitor/face-model/database-sync HTTP/1.1" 200 132
2025-08-07 22:34:34,705 - DEBUG - Starting new HTTP connection (1): localhost:5000
2025-08-07 22:34:37,051 - INFO - Emotion and face detection models loaded successfully
2025-08-07 22:34:37,053 - INFO - 127.0.0.1 - - [07/Aug/2025 22:34:37] "GET /api/monitor/emotion-model/status HTTP/1.1" 200 -
2025-08-07 22:34:37,054 - DEBUG - http://localhost:5000 "GET /api/monitor/emotion-model/status HTTP/1.1" 200 2072
2025-08-07 22:34:37,062 - DEBUG - Starting new HTTP connection (1): localhost:5000
2025-08-07 22:34:39,114 - WARNING - Model hash mismatch - possible corruption
2025-08-07 22:34:39,114 - WARNING - Soldier count mismatch in metadata
2025-08-07 22:34:39,115 - INFO - Model loaded successfully - 87 soldiers
2025-08-07 22:34:39,133 - WARNING - Model hash mismatch - possible corruption
2025-08-07 22:34:39,133 - WARNING - Soldier count mismatch in metadata
2025-08-07 22:34:39,133 - INFO - Model loaded successfully - 87 soldiers
2025-08-07 22:34:39,147 - WARNING - Model hash mismatch - possible corruption
2025-08-07 22:34:39,147 - WARNING - Soldier count mismatch in metadata
2025-08-07 22:34:39,147 - INFO - Model loaded successfully - 87 soldiers
2025-08-07 22:34:39,184 - INFO - 127.0.0.1 - - [07/Aug/2025 22:34:39] "GET /api/image/model-status HTTP/1.1" 200 -
2025-08-07 22:34:39,185 - DEBUG - http://localhost:5000 "GET /api/image/model-status HTTP/1.1" 200 5174
2025-08-07 22:37:16,517 - INFO - 127.0.0.1 - - [07/Aug/2025 22:37:16] "OPTIONS /api/auth/login HTTP/1.1" 200 -
2025-08-07 22:37:17,302 - INFO - Dynamic session timeout loaded: 900 seconds
2025-08-07 22:37:17,312 - INFO - 127.0.0.1 - - [07/Aug/2025 22:37:17] "POST /api/auth/login HTTP/1.1" 200 -
2025-08-07 22:37:17,458 - INFO - 127.0.0.1 - - [07/Aug/2025 22:37:17] "GET /api/admin/dashboard-stats?timeframe=7d HTTP/1.1" 200 -
2025-08-07 22:37:17,835 - INFO - 127.0.0.1 - - [07/Aug/2025 22:37:17] "GET /api/admin/dashboard-stats?timeframe=7d HTTP/1.1" 200 -
2025-08-07 22:37:25,194 - INFO - 127.0.0.1 - - [07/Aug/2025 22:37:25] "GET /api/admin/soldiers-report?risk_level=all&days=7&page=1&per_page=20 HTTP/1.1" 200 -
2025-08-07 22:37:25,772 - INFO - 127.0.0.1 - - [07/Aug/2025 22:37:25] "GET /api/admin/soldiers-report?risk_level=all&days=7&page=1&per_page=20 HTTP/1.1" 200 -
2025-08-07 22:37:25,795 - INFO - 127.0.0.1 - - [07/Aug/2025 22:37:25] "GET /api/admin/soldiers-report?risk_level=all&days=7&page=1&per_page=10000 HTTP/1.1" 200 -
2025-08-07 22:37:25,941 - INFO - 127.0.0.1 - - [07/Aug/2025 22:37:25] "GET /api/admin/soldiers-report?risk_level=all&days=7&page=1&per_page=10000 HTTP/1.1" 200 -
2025-08-07 22:37:48,492 - INFO - 127.0.0.1 - - [07/Aug/2025 22:37:48] "GET /api/auth/session-status HTTP/1.1" 200 -
2025-08-07 22:38:18,205 - INFO - 127.0.0.1 - - [07/Aug/2025 22:38:18] "GET /api/auth/session-status HTTP/1.1" 200 -
2025-08-07 22:38:48,499 - INFO - 127.0.0.1 - - [07/Aug/2025 22:38:48] "GET /api/auth/session-status HTTP/1.1" 200 -
2025-08-07 22:38:50,831 - INFO - Refreshing face recognition model...
2025-08-07 22:38:50,833 - ERROR - Error loading model: too many values to unpack (expected 2)
2025-08-07 22:38:50,833 - ERROR - Failed to load model during refresh
2025-08-07 22:39:18,204 - INFO - 127.0.0.1 - - [07/Aug/2025 22:39:18] "GET /api/auth/session-status HTTP/1.1" 200 -
2025-08-07 22:39:48,522 - INFO - 127.0.0.1 - - [07/Aug/2025 22:39:48] "GET /api/auth/session-status HTTP/1.1" 200 -
2025-08-07 22:40:18,224 - INFO - 127.0.0.1 - - [07/Aug/2025 22:40:18] "GET /api/auth/session-status HTTP/1.1" 200 -
2025-08-07 22:40:48,518 - INFO - 127.0.0.1 - - [07/Aug/2025 22:40:48] "GET /api/auth/session-status HTTP/1.1" 200 -
2025-08-07 22:43:50,837 - INFO - Refreshing face recognition model...
2025-08-07 22:43:50,839 - ERROR - Error loading model: too many values to unpack (expected 2)
2025-08-07 22:43:50,839 - ERROR - Failed to load model during refresh
2025-08-07 22:46:53,293 - INFO - 127.0.0.1 - - [07/Aug/2025 22:46:53] "[31m[1mGET /api/monitor/face-model/refresh HTTP/1.1[0m" 405 -
2025-08-07 22:46:53,303 - INFO - 127.0.0.1 - - [07/Aug/2025 22:46:53] "GET /api/monitor/face-model/soldiers HTTP/1.1" 200 -
2025-08-07 22:46:53,333 - WARNING - Model hash mismatch - possible corruption
2025-08-07 22:46:53,334 - WARNING - Soldier count mismatch in metadata
2025-08-07 22:46:53,334 - INFO - Model loaded successfully - 87 soldiers
2025-08-07 22:46:53,353 - WARNING - Model hash mismatch - possible corruption
2025-08-07 22:46:53,353 - WARNING - Soldier count mismatch in metadata
2025-08-07 22:46:53,354 - INFO - Model loaded successfully - 87 soldiers
2025-08-07 22:46:53,355 - INFO - 127.0.0.1 - - [07/Aug/2025 22:46:53] "GET /api/monitor/face-model/integrity HTTP/1.1" 200 -
2025-08-07 22:46:53,376 - WARNING - Model hash mismatch - possible corruption
2025-08-07 22:46:53,377 - WARNING - Soldier count mismatch in metadata
2025-08-07 22:46:53,378 - INFO - Model loaded successfully - 87 soldiers
2025-08-07 22:46:53,394 - WARNING - Model hash mismatch - possible corruption
2025-08-07 22:46:53,395 - WARNING - Soldier count mismatch in metadata
2025-08-07 22:46:53,395 - INFO - Model loaded successfully - 87 soldiers
2025-08-07 22:46:53,551 - INFO - 127.0.0.1 - - [07/Aug/2025 22:46:53] "[31m[1mGET /api/monitor/face-model/refresh HTTP/1.1[0m" 405 -
2025-08-07 22:46:53,635 - INFO - 127.0.0.1 - - [07/Aug/2025 22:46:53] "GET /api/monitor/face-model/soldiers HTTP/1.1" 200 -
2025-08-07 22:46:53,701 - WARNING - Model hash mismatch - possible corruption
2025-08-07 22:46:53,701 - WARNING - Soldier count mismatch in metadata
2025-08-07 22:46:53,702 - INFO - Model loaded successfully - 87 soldiers
2025-08-07 22:46:53,705 - INFO - 127.0.0.1 - - [07/Aug/2025 22:46:53] "GET /api/monitor/face-model/integrity HTTP/1.1" 200 -
2025-08-07 22:46:53,817 - INFO - Emotion and face detection models loaded successfully
2025-08-07 22:46:53,845 - INFO - 127.0.0.1 - - [07/Aug/2025 22:46:53] "GET /api/monitor/system/health HTTP/1.1" 200 -
2025-08-07 22:46:53,880 - WARNING - Model hash mismatch - possible corruption
2025-08-07 22:46:53,880 - WARNING - Soldier count mismatch in metadata
2025-08-07 22:46:53,880 - INFO - Model loaded successfully - 87 soldiers
2025-08-07 22:46:53,898 - WARNING - Model hash mismatch - possible corruption
2025-08-07 22:46:53,899 - WARNING - Soldier count mismatch in metadata
2025-08-07 22:46:53,899 - INFO - Model loaded successfully - 87 soldiers
2025-08-07 22:46:53,917 - WARNING - Model hash mismatch - possible corruption
2025-08-07 22:46:53,918 - WARNING - Soldier count mismatch in metadata
2025-08-07 22:46:53,918 - INFO - Model loaded successfully - 87 soldiers
2025-08-07 22:46:54,310 - INFO - Emotion and face detection models loaded successfully
2025-08-07 22:46:54,332 - INFO - 127.0.0.1 - - [07/Aug/2025 22:46:54] "GET /api/monitor/system/health HTTP/1.1" 200 -
2025-08-07 22:47:14,465 - WARNING - Model hash mismatch - possible corruption
2025-08-07 22:47:14,466 - WARNING - Soldier count mismatch in metadata
2025-08-07 22:47:14,466 - INFO - Model loaded successfully - 87 soldiers
2025-08-07 22:47:14,469 - INFO - 127.0.0.1 - - [07/Aug/2025 22:47:14] "[31m[1mGET /api/monitor/face-model/refresh HTTP/1.1[0m" 405 -
2025-08-07 22:47:14,487 - INFO - 127.0.0.1 - - [07/Aug/2025 22:47:14] "GET /api/monitor/face-model/soldiers HTTP/1.1" 200 -
2025-08-07 22:47:14,543 - WARNING - Model hash mismatch - possible corruption
2025-08-07 22:47:14,544 - WARNING - Model hash mismatch - possible corruption
2025-08-07 22:47:14,544 - WARNING - Soldier count mismatch in metadata
2025-08-07 22:47:14,545 - WARNING - Soldier count mismatch in metadata
2025-08-07 22:47:14,545 - INFO - Model loaded successfully - 87 soldiers
2025-08-07 22:47:14,546 - INFO - Model loaded successfully - 87 soldiers
2025-08-07 22:47:14,548 - INFO - 127.0.0.1 - - [07/Aug/2025 22:47:14] "GET /api/monitor/face-model/integrity HTTP/1.1" 200 -
2025-08-07 22:47:14,566 - WARNING - Model hash mismatch - possible corruption
2025-08-07 22:47:14,567 - WARNING - Soldier count mismatch in metadata
2025-08-07 22:47:14,567 - INFO - Model loaded successfully - 87 soldiers
2025-08-07 22:47:14,709 - INFO - 127.0.0.1 - - [07/Aug/2025 22:47:14] "[31m[1mGET /api/monitor/face-model/refresh HTTP/1.1[0m" 405 -
2025-08-07 22:47:14,787 - INFO - 127.0.0.1 - - [07/Aug/2025 22:47:14] "GET /api/monitor/face-model/soldiers HTTP/1.1" 200 -
2025-08-07 22:47:14,838 - WARNING - Model hash mismatch - possible corruption
2025-08-07 22:47:14,838 - WARNING - Soldier count mismatch in metadata
2025-08-07 22:47:14,838 - INFO - Model loaded successfully - 87 soldiers
2025-08-07 22:47:14,845 - INFO - 127.0.0.1 - - [07/Aug/2025 22:47:14] "GET /api/monitor/face-model/integrity HTTP/1.1" 200 -
2025-08-07 22:47:15,047 - INFO - Emotion and face detection models loaded successfully
2025-08-07 22:47:15,071 - INFO - 127.0.0.1 - - [07/Aug/2025 22:47:15] "GET /api/monitor/system/health HTTP/1.1" 200 -
2025-08-07 22:47:15,102 - WARNING - Model hash mismatch - possible corruption
2025-08-07 22:47:15,102 - WARNING - Soldier count mismatch in metadata
2025-08-07 22:47:15,102 - INFO - Model loaded successfully - 87 soldiers
2025-08-07 22:47:15,123 - WARNING - Model hash mismatch - possible corruption
2025-08-07 22:47:15,125 - WARNING - Soldier count mismatch in metadata
2025-08-07 22:47:15,125 - INFO - Model loaded successfully - 87 soldiers
2025-08-07 22:47:15,143 - WARNING - Model hash mismatch - possible corruption
2025-08-07 22:47:15,144 - WARNING - Soldier count mismatch in metadata
2025-08-07 22:47:15,144 - INFO - Model loaded successfully - 87 soldiers
2025-08-07 22:47:15,497 - INFO - Emotion and face detection models loaded successfully
2025-08-07 22:47:15,519 - INFO - 127.0.0.1 - - [07/Aug/2025 22:47:15] "GET /api/monitor/system/health HTTP/1.1" 200 -
2025-08-07 22:48:50,849 - INFO - Refreshing face recognition model...
2025-08-07 22:48:50,850 - ERROR - Error loading model: too many values to unpack (expected 2)
2025-08-07 22:48:50,851 - ERROR - Failed to load model during refresh
2025-08-07 22:51:10,759 - INFO -  * Detected change in 'D:\\Manodarsh\\backend\\api\\image\\routes.py', reloading
2025-08-07 22:51:11,882 - INFO -  * Restarting with stat
2025-08-07 22:51:20,867 - DEBUG - Falling back to TensorFlow client; we recommended you install the Cloud TPU client directly with pip install cloud-tpu-client.
2025-08-07 22:51:25,614 - INFO - Refreshing face recognition model...
2025-08-07 22:51:25,630 - WARNING - Model hash mismatch - possible corruption
2025-08-07 22:51:25,630 - WARNING - Soldier count mismatch in metadata
2025-08-07 22:51:25,630 - INFO - Model loaded successfully - 87 soldiers
2025-08-07 22:51:25,631 - INFO - Model refreshed (manual) - Soldiers: 0 -> 87
2025-08-07 22:51:25,634 - INFO - Auto refresh started with 300s interval
2025-08-07 22:51:25,983 - INFO - Emotion and face detection models loaded successfully
2025-08-07 22:51:27,283 - INFO - Dynamic session timeout loaded: 900 seconds
2025-08-07 22:51:27,359 - WARNING -  * Debugger is active!
2025-08-07 22:51:27,374 - INFO -  * Debugger PIN: 132-663-522
2025-08-07 22:52:14,652 - INFO -  * Detected change in 'D:\\Manodarsh\\backend\\api\\image\\routes.py', reloading
2025-08-07 22:52:15,621 - INFO -  * Restarting with stat
2025-08-07 22:52:25,180 - DEBUG - Falling back to TensorFlow client; we recommended you install the Cloud TPU client directly with pip install cloud-tpu-client.
2025-08-07 22:52:29,295 - INFO - Refreshing face recognition model...
2025-08-07 22:52:29,304 - WARNING - Model hash mismatch - possible corruption
2025-08-07 22:52:29,304 - WARNING - Soldier count mismatch in metadata
2025-08-07 22:52:29,304 - INFO - Model loaded successfully - 87 soldiers
2025-08-07 22:52:29,305 - INFO - Model refreshed (manual) - Soldiers: 0 -> 87
2025-08-07 22:52:29,307 - INFO - Auto refresh started with 300s interval
2025-08-07 22:52:29,595 - INFO - Emotion and face detection models loaded successfully
2025-08-07 22:52:30,959 - INFO - Dynamic session timeout loaded: 900 seconds
2025-08-07 22:52:31,030 - WARNING -  * Debugger is active!
2025-08-07 22:52:31,045 - INFO -  * Debugger PIN: 132-663-522
2025-08-07 22:53:50,858 - INFO - Refreshing face recognition model...
2025-08-07 22:53:50,860 - ERROR - Error loading model: too many values to unpack (expected 2)
2025-08-07 22:53:50,861 - ERROR - Failed to load model during refresh
2025-08-07 22:58:50,877 - INFO - Refreshing face recognition model...
2025-08-07 22:58:50,878 - ERROR - Error loading model: too many values to unpack (expected 2)
2025-08-07 22:58:50,879 - ERROR - Failed to load model during refresh
2025-08-07 23:03:13,589 - INFO - 127.0.0.1 - - [07/Aug/2025 23:03:13] "POST /api/auth/logout HTTP/1.1" 200 -
2025-08-07 23:03:50,881 - INFO - Refreshing face recognition model...
2025-08-07 23:03:50,883 - ERROR - Error loading model: too many values to unpack (expected 2)
2025-08-07 23:03:50,883 - ERROR - Failed to load model during refresh
2025-08-07 23:06:09,800 - INFO - 127.0.0.1 - - [07/Aug/2025 23:06:09] "OPTIONS /api/auth/login HTTP/1.1" 200 -
2025-08-07 23:06:10,873 - INFO - Dynamic session timeout loaded: 900 seconds
2025-08-07 23:06:10,877 - INFO - 127.0.0.1 - - [07/Aug/2025 23:06:10] "POST /api/auth/login HTTP/1.1" 200 -
2025-08-07 23:06:11,175 - INFO - 127.0.0.1 - - [07/Aug/2025 23:06:11] "GET /api/admin/dashboard-stats?timeframe=7d HTTP/1.1" 200 -
2025-08-07 23:06:11,574 - INFO - 127.0.0.1 - - [07/Aug/2025 23:06:11] "GET /api/admin/dashboard-stats?timeframe=7d HTTP/1.1" 200 -
2025-08-07 23:06:13,507 - INFO - 127.0.0.1 - - [07/Aug/2025 23:06:13] "GET /api/monitor/face-model/soldiers HTTP/1.1" 200 -
2025-08-07 23:06:13,825 - INFO - 127.0.0.1 - - [07/Aug/2025 23:06:13] "GET /api/monitor/face-model/soldiers HTTP/1.1" 200 -
2025-08-07 23:06:13,851 - INFO - 127.0.0.1 - - [07/Aug/2025 23:06:13] "[33mGET /api/admin/soldiers HTTP/1.1[0m" 404 -
2025-08-07 23:06:14,089 - INFO - 127.0.0.1 - - [07/Aug/2025 23:06:14] "[33mGET /api/admin/soldiers HTTP/1.1[0m" 404 -
2025-08-07 23:06:33,846 - INFO -  * Detected change in 'D:\\Manodarsh\\backend\\api\\image\\routes.py', reloading
2025-08-07 23:06:34,968 - INFO -  * Restarting with stat
2025-08-07 23:06:45,272 - DEBUG - Falling back to TensorFlow client; we recommended you install the Cloud TPU client directly with pip install cloud-tpu-client.
2025-08-07 23:06:51,019 - INFO - Refreshing face recognition model...
2025-08-07 23:06:51,030 - WARNING - Model hash mismatch - possible corruption
2025-08-07 23:06:51,030 - WARNING - Soldier count mismatch in metadata
2025-08-07 23:06:51,030 - INFO - Model loaded successfully - 87 soldiers
2025-08-07 23:06:51,031 - INFO - Model refreshed (manual) - Soldiers: 0 -> 87
2025-08-07 23:06:51,035 - INFO - Auto refresh started with 300s interval
2025-08-07 23:06:51,452 - INFO - Emotion and face detection models loaded successfully
2025-08-07 23:06:52,661 - INFO - Dynamic session timeout loaded: 900 seconds
2025-08-07 23:06:52,742 - WARNING -  * Debugger is active!
2025-08-07 23:06:52,755 - INFO -  * Debugger PIN: 132-663-522
2025-08-07 23:06:53,289 - INFO - 127.0.0.1 - - [07/Aug/2025 23:06:53] "GET /api/auth/session-status HTTP/1.1" 200 -
2025-08-07 23:07:01,822 - INFO -  * Detected change in 'D:\\Manodarsh\\backend\\api\\image\\routes.py', reloading
2025-08-07 23:07:02,847 - INFO -  * Restarting with stat
2025-08-07 23:07:12,212 - DEBUG - Falling back to TensorFlow client; we recommended you install the Cloud TPU client directly with pip install cloud-tpu-client.
2025-08-07 23:07:16,495 - INFO - Refreshing face recognition model...
2025-08-07 23:07:16,509 - WARNING - Model hash mismatch - possible corruption
2025-08-07 23:07:16,509 - WARNING - Soldier count mismatch in metadata
2025-08-07 23:07:16,509 - INFO - Model loaded successfully - 87 soldiers
2025-08-07 23:07:16,510 - INFO - Model refreshed (manual) - Soldiers: 0 -> 87
2025-08-07 23:07:16,512 - INFO - Auto refresh started with 300s interval
2025-08-07 23:07:16,752 - INFO - Emotion and face detection models loaded successfully
2025-08-07 23:07:17,824 - INFO - Dynamic session timeout loaded: 900 seconds
2025-08-07 23:07:17,875 - WARNING -  * Debugger is active!
2025-08-07 23:07:17,888 - INFO -  * Debugger PIN: 132-663-522
2025-08-07 23:07:18,475 - INFO - 127.0.0.1 - - [07/Aug/2025 23:07:18] "GET /api/auth/session-status HTTP/1.1" 200 -
2025-08-07 23:07:41,206 - INFO - 127.0.0.1 - - [07/Aug/2025 23:07:41] "GET /api/auth/session-status HTTP/1.1" 200 -
2025-08-07 23:07:52,253 - INFO -  * Detected change in 'D:\\Manodarsh\\backend\\api\\admin\\routes.py', reloading
2025-08-07 23:07:53,573 - INFO -  * Restarting with stat
2025-08-07 23:08:03,233 - DEBUG - Falling back to TensorFlow client; we recommended you install the Cloud TPU client directly with pip install cloud-tpu-client.
2025-08-07 23:08:08,347 - INFO - Refreshing face recognition model...
2025-08-07 23:08:08,362 - WARNING - Model hash mismatch - possible corruption
2025-08-07 23:08:08,363 - WARNING - Soldier count mismatch in metadata
2025-08-07 23:08:08,363 - INFO - Model loaded successfully - 87 soldiers
2025-08-07 23:08:08,364 - INFO - Model refreshed (manual) - Soldiers: 0 -> 87
2025-08-07 23:08:08,366 - INFO - Auto refresh started with 300s interval
2025-08-07 23:08:08,732 - INFO - Emotion and face detection models loaded successfully
2025-08-07 23:08:10,312 - INFO - Dynamic session timeout loaded: 900 seconds
2025-08-07 23:08:10,394 - WARNING -  * Debugger is active!
2025-08-07 23:08:10,412 - INFO -  * Debugger PIN: 132-663-522
2025-08-07 23:08:11,521 - INFO - 127.0.0.1 - - [07/Aug/2025 23:08:11] "GET /api/auth/session-status HTTP/1.1" 200 -
2025-08-07 23:08:34,400 - INFO - 127.0.0.1 - - [07/Aug/2025 23:08:34] "OPTIONS /api/auth/login HTTP/1.1" 200 -
2025-08-07 23:08:34,843 - INFO - Dynamic session timeout loaded: 900 seconds
2025-08-07 23:08:34,847 - INFO - 127.0.0.1 - - [07/Aug/2025 23:08:34] "POST /api/auth/login HTTP/1.1" 200 -
2025-08-07 23:08:35,286 - INFO - 127.0.0.1 - - [07/Aug/2025 23:08:35] "GET /api/admin/dashboard-stats?timeframe=7d HTTP/1.1" 200 -
2025-08-07 23:08:35,579 - INFO - 127.0.0.1 - - [07/Aug/2025 23:08:35] "GET /api/admin/dashboard-stats?timeframe=7d HTTP/1.1" 200 -
2025-08-07 23:08:38,304 - INFO - 127.0.0.1 - - [07/Aug/2025 23:08:38] "GET /api/monitor/face-model/soldiers HTTP/1.1" 200 -
2025-08-07 23:08:38,624 - INFO - 127.0.0.1 - - [07/Aug/2025 23:08:38] "GET /api/monitor/face-model/soldiers HTTP/1.1" 200 -
2025-08-07 23:08:38,657 - ERROR - Error fetching soldiers: 1054 (42S22): Unknown column 'u.name' in 'field list'
2025-08-07 23:08:38,659 - INFO - 127.0.0.1 - - [07/Aug/2025 23:08:38] "[35m[1mGET /api/admin/soldiers HTTP/1.1[0m" 500 -
2025-08-07 23:08:38,916 - ERROR - Error fetching soldiers: 1054 (42S22): Unknown column 'u.name' in 'field list'
2025-08-07 23:08:38,918 - INFO - 127.0.0.1 - - [07/Aug/2025 23:08:38] "[35m[1mGET /api/admin/soldiers HTTP/1.1[0m" 500 -
2025-08-07 23:08:39,016 - WARNING - Model hash mismatch - possible corruption
2025-08-07 23:08:39,017 - WARNING - Soldier count mismatch in metadata
2025-08-07 23:08:39,017 - INFO - Model loaded successfully - 87 soldiers
2025-08-07 23:08:39,046 - WARNING - Model hash mismatch - possible corruption
2025-08-07 23:08:39,046 - WARNING - Soldier count mismatch in metadata
2025-08-07 23:08:39,047 - INFO - Model loaded successfully - 87 soldiers
2025-08-07 23:08:39,074 - WARNING - Model hash mismatch - possible corruption
2025-08-07 23:08:39,074 - WARNING - Soldier count mismatch in metadata
2025-08-07 23:08:39,075 - INFO - Model loaded successfully - 87 soldiers
2025-08-07 23:08:39,138 - INFO - 127.0.0.1 - - [07/Aug/2025 23:08:39] "GET /api/monitor/face-model/status HTTP/1.1" 200 -
2025-08-07 23:08:39,185 - WARNING - Model hash mismatch - possible corruption
2025-08-07 23:08:39,185 - WARNING - Soldier count mismatch in metadata
2025-08-07 23:08:39,186 - INFO - Model loaded successfully - 87 soldiers
2025-08-07 23:08:39,214 - WARNING - Model hash mismatch - possible corruption
2025-08-07 23:08:39,215 - WARNING - Soldier count mismatch in metadata
2025-08-07 23:08:39,215 - INFO - Model loaded successfully - 87 soldiers
2025-08-07 23:08:39,241 - WARNING - Model hash mismatch - possible corruption
2025-08-07 23:08:39,241 - WARNING - Soldier count mismatch in metadata
2025-08-07 23:08:39,242 - INFO - Model loaded successfully - 87 soldiers
2025-08-07 23:08:39,305 - INFO - 127.0.0.1 - - [07/Aug/2025 23:08:39] "GET /api/monitor/face-model/status HTTP/1.1" 200 -
2025-08-07 23:08:39,526 - WARNING - Model hash mismatch - possible corruption
2025-08-07 23:08:39,526 - WARNING - Soldier count mismatch in metadata
2025-08-07 23:08:39,526 - INFO - Model loaded successfully - 87 soldiers
2025-08-07 23:08:39,528 - INFO - 127.0.0.1 - - [07/Aug/2025 23:08:39] "GET /api/image/soldier-training-status/100000002 HTTP/1.1" 200 -
2025-08-07 23:08:39,548 - WARNING - Model hash mismatch - possible corruption
2025-08-07 23:08:39,549 - WARNING - Soldier count mismatch in metadata
2025-08-07 23:08:39,551 - INFO - Model loaded successfully - 87 soldiers
2025-08-07 23:08:39,553 - INFO - 127.0.0.1 - - [07/Aug/2025 23:08:39] "GET /api/image/soldier-training-status/100000001 HTTP/1.1" 200 -
2025-08-07 23:08:39,573 - WARNING - Model hash mismatch - possible corruption
2025-08-07 23:08:39,574 - WARNING - Soldier count mismatch in metadata
2025-08-07 23:08:39,576 - INFO - Model loaded successfully - 87 soldiers
2025-08-07 23:08:39,579 - INFO - 127.0.0.1 - - [07/Aug/2025 23:08:39] "GET /api/image/soldier-training-status/100000004 HTTP/1.1" 200 -
2025-08-07 23:08:39,882 - WARNING - Model hash mismatch - possible corruption
2025-08-07 23:08:39,882 - WARNING - Soldier count mismatch in metadata
2025-08-07 23:08:39,883 - INFO - Model loaded successfully - 87 soldiers
2025-08-07 23:08:39,884 - INFO - 127.0.0.1 - - [07/Aug/2025 23:08:39] "GET /api/image/soldier-training-status/100000002 HTTP/1.1" 200 -
2025-08-07 23:08:39,927 - WARNING - Model hash mismatch - possible corruption
2025-08-07 23:08:39,940 - WARNING - Soldier count mismatch in metadata
2025-08-07 23:08:39,940 - INFO - Model loaded successfully - 87 soldiers
2025-08-07 23:08:39,942 - INFO - 127.0.0.1 - - [07/Aug/2025 23:08:39] "GET /api/image/soldier-training-status/100000004 HTTP/1.1" 200 -
2025-08-07 23:08:39,943 - WARNING - Model hash mismatch - possible corruption
2025-08-07 23:08:39,943 - WARNING - Soldier count mismatch in metadata
2025-08-07 23:08:39,943 - INFO - Model loaded successfully - 87 soldiers
2025-08-07 23:08:39,944 - INFO - 127.0.0.1 - - [07/Aug/2025 23:08:39] "GET /api/image/soldier-training-status/100000001 HTTP/1.1" 200 -
2025-08-07 23:08:50,887 - INFO - Refreshing face recognition model...
2025-08-07 23:08:50,889 - ERROR - Error loading model: too many values to unpack (expected 2)
2025-08-07 23:08:50,889 - ERROR - Failed to load model during refresh
2025-08-07 23:09:04,883 - INFO - 127.0.0.1 - - [07/Aug/2025 23:09:04] "GET /api/auth/session-status HTTP/1.1" 200 -
2025-08-07 23:09:15,493 - INFO - 127.0.0.1 - - [07/Aug/2025 23:09:15] "[33mPOST /api/image/retrain-soldier/100000001 HTTP/1.1[0m" 404 -
2025-08-07 23:09:35,187 - INFO - 127.0.0.1 - - [07/Aug/2025 23:09:35] "GET /api/auth/session-status HTTP/1.1" 200 -
2025-08-07 23:09:46,995 - INFO - 127.0.0.1 - - [07/Aug/2025 23:09:46] "OPTIONS /api/image/delete-soldier/100000004 HTTP/1.1" 200 -
2025-08-07 23:09:47,329 - WARNING - Model hash mismatch - possible corruption
2025-08-07 23:09:47,329 - WARNING - Soldier count mismatch in metadata
2025-08-07 23:09:47,329 - INFO - Model loaded successfully - 87 soldiers
2025-08-07 23:09:47,331 - INFO - 127.0.0.1 - - [07/Aug/2025 23:09:47] "[35m[1mDELETE /api/image/delete-soldier/100000004 HTTP/1.1[0m" 500 -
2025-08-07 23:10:04,163 - INFO - 127.0.0.1 - - [07/Aug/2025 23:10:04] "GET /api/image/export-face-model HTTP/1.1" 200 -
2025-08-07 23:10:05,193 - INFO - 127.0.0.1 - - [07/Aug/2025 23:10:05] "GET /api/auth/session-status HTTP/1.1" 200 -
2025-08-07 23:10:16,816 - INFO - 127.0.0.1 - - [07/Aug/2025 23:10:16] "OPTIONS /api/image/delete-soldier/100000002 HTTP/1.1" 200 -
2025-08-07 23:10:16,849 - WARNING - Model hash mismatch - possible corruption
2025-08-07 23:10:16,850 - WARNING - Soldier count mismatch in metadata
2025-08-07 23:10:16,850 - INFO - Model loaded successfully - 87 soldiers
2025-08-07 23:10:16,852 - INFO - 127.0.0.1 - - [07/Aug/2025 23:10:16] "[35m[1mDELETE /api/image/delete-soldier/100000002 HTTP/1.1[0m" 500 -
2025-08-07 23:10:35,498 - INFO - 127.0.0.1 - - [07/Aug/2025 23:10:35] "GET /api/auth/session-status HTTP/1.1" 200 -
2025-08-07 23:11:05,216 - INFO - 127.0.0.1 - - [07/Aug/2025 23:11:05] "GET /api/auth/session-status HTTP/1.1" 200 -
2025-08-07 23:11:35,528 - INFO - 127.0.0.1 - - [07/Aug/2025 23:11:35] "GET /api/auth/session-status HTTP/1.1" 200 -
2025-08-07 23:12:04,874 - INFO - 127.0.0.1 - - [07/Aug/2025 23:12:04] "GET /api/auth/session-status HTTP/1.1" 200 -
2025-08-07 23:12:11,509 - INFO - 127.0.0.1 - - [07/Aug/2025 23:12:11] "GET /api/monitor/face-model/soldiers HTTP/1.1" 200 -
2025-08-07 23:12:11,792 - ERROR - Error fetching soldiers: 1054 (42S22): Unknown column 'u.name' in 'field list'
2025-08-07 23:12:11,793 - INFO - 127.0.0.1 - - [07/Aug/2025 23:12:11] "[35m[1mGET /api/admin/soldiers HTTP/1.1[0m" 500 -
2025-08-07 23:12:11,853 - WARNING - Model hash mismatch - possible corruption
2025-08-07 23:12:11,853 - WARNING - Soldier count mismatch in metadata
2025-08-07 23:12:11,853 - INFO - Model loaded successfully - 87 soldiers
2025-08-07 23:12:11,870 - WARNING - Model hash mismatch - possible corruption
2025-08-07 23:12:11,871 - WARNING - Soldier count mismatch in metadata
2025-08-07 23:12:11,871 - INFO - Model loaded successfully - 87 soldiers
2025-08-07 23:12:11,885 - WARNING - Model hash mismatch - possible corruption
2025-08-07 23:12:11,886 - WARNING - Soldier count mismatch in metadata
2025-08-07 23:12:11,886 - INFO - Model loaded successfully - 87 soldiers
2025-08-07 23:12:11,919 - INFO - 127.0.0.1 - - [07/Aug/2025 23:12:11] "GET /api/monitor/face-model/status HTTP/1.1" 200 -
2025-08-07 23:12:12,154 - WARNING - Model hash mismatch - possible corruption
2025-08-07 23:12:12,154 - WARNING - Soldier count mismatch in metadata
2025-08-07 23:12:12,155 - INFO - Model loaded successfully - 87 soldiers
2025-08-07 23:12:12,161 - INFO - 127.0.0.1 - - [07/Aug/2025 23:12:12] "GET /api/image/soldier-training-status/100000001 HTTP/1.1" 200 -
2025-08-07 23:12:12,314 - WARNING - Model hash mismatch - possible corruption
2025-08-07 23:12:12,315 - WARNING - Soldier count mismatch in metadata
2025-08-07 23:12:12,315 - WARNING - Model hash mismatch - possible corruption
2025-08-07 23:12:12,315 - INFO - Model loaded successfully - 87 soldiers
2025-08-07 23:12:12,316 - WARNING - Soldier count mismatch in metadata
2025-08-07 23:12:12,317 - INFO - 127.0.0.1 - - [07/Aug/2025 23:12:12] "GET /api/image/soldier-training-status/100000002 HTTP/1.1" 200 -
2025-08-07 23:12:12,318 - INFO - Model loaded successfully - 87 soldiers
2025-08-07 23:12:12,319 - INFO - 127.0.0.1 - - [07/Aug/2025 23:12:12] "GET /api/image/soldier-training-status/100000004 HTTP/1.1" 200 -
2025-08-07 23:12:12,354 - WARNING - Model hash mismatch - possible corruption
2025-08-07 23:12:12,354 - WARNING - Soldier count mismatch in metadata
2025-08-07 23:12:12,354 - INFO - Model loaded successfully - 87 soldiers
2025-08-07 23:12:12,355 - INFO - 127.0.0.1 - - [07/Aug/2025 23:12:12] "GET /api/monitor/face-model/integrity HTTP/1.1" 200 -
2025-08-07 23:12:35,507 - INFO - 127.0.0.1 - - [07/Aug/2025 23:12:35] "GET /api/auth/session-status HTTP/1.1" 200 -
2025-08-07 23:13:05,206 - INFO - 127.0.0.1 - - [07/Aug/2025 23:13:05] "GET /api/auth/session-status HTTP/1.1" 200 -
2025-08-07 23:13:14,583 - INFO -  * Detected change in 'D:\\Manodarsh\\backend\\api\\image\\routes.py', reloading
2025-08-07 23:13:15,852 - INFO -  * Restarting with stat
2025-08-07 23:13:25,464 - DEBUG - Falling back to TensorFlow client; we recommended you install the Cloud TPU client directly with pip install cloud-tpu-client.
2025-08-07 23:13:29,997 - INFO - Refreshing face recognition model...
2025-08-07 23:13:30,015 - WARNING - Model hash mismatch - possible corruption
2025-08-07 23:13:30,016 - WARNING - Soldier count mismatch in metadata
2025-08-07 23:13:30,016 - INFO - Model loaded successfully - 87 soldiers
2025-08-07 23:13:30,017 - INFO - Model refreshed (manual) - Soldiers: 0 -> 87
2025-08-07 23:13:30,021 - INFO - Auto refresh started with 300s interval
2025-08-07 23:13:30,390 - INFO - Emotion and face detection models loaded successfully
2025-08-07 23:13:31,706 - INFO - Dynamic session timeout loaded: 900 seconds
2025-08-07 23:15:12,634 - DEBUG - Falling back to TensorFlow client; we recommended you install the Cloud TPU client directly with pip install cloud-tpu-client.
2025-08-07 23:15:17,075 - INFO - Refreshing face recognition model...
2025-08-07 23:15:17,099 - WARNING - Model hash mismatch - possible corruption
2025-08-07 23:15:17,100 - WARNING - Soldier count mismatch in metadata
2025-08-07 23:15:17,100 - INFO - Model loaded successfully - 87 soldiers
2025-08-07 23:15:17,101 - INFO - Model refreshed (manual) - Soldiers: 0 -> 87
2025-08-07 23:15:17,104 - INFO - Auto refresh started with 300s interval
2025-08-07 23:15:17,473 - INFO - Emotion and face detection models loaded successfully
2025-08-07 23:15:18,562 - INFO - Dynamic session timeout loaded: 900 seconds
2025-08-07 23:20:39,833 - DEBUG - Falling back to TensorFlow client; we recommended you install the Cloud TPU client directly with pip install cloud-tpu-client.
2025-08-07 23:20:44,320 - INFO - Refreshing face recognition model...
2025-08-07 23:20:44,336 - WARNING - Model hash mismatch - possible corruption
2025-08-07 23:20:44,338 - WARNING - Soldier count mismatch in metadata
2025-08-07 23:20:44,338 - INFO - Model loaded successfully - 87 soldiers
2025-08-07 23:20:44,339 - INFO - Model refreshed (manual) - Soldiers: 0 -> 87
2025-08-07 23:20:44,342 - INFO - Auto refresh started with 300s interval
2025-08-07 23:20:44,734 - INFO - Emotion and face detection models loaded successfully
2025-08-07 23:20:46,020 - INFO - Dynamic session timeout loaded: 900 seconds
2025-08-07 23:20:46,100 - INFO - [31m[1mWARNING: This is a development server. Do not use it in a production deployment. Use a production WSGI server instead.[0m
 * Running on http://127.0.0.1:5000
2025-08-07 23:20:46,100 - INFO - [33mPress CTRL+C to quit[0m
2025-08-07 23:20:46,105 - INFO -  * Restarting with stat
2025-08-07 23:20:55,925 - DEBUG - Falling back to TensorFlow client; we recommended you install the Cloud TPU client directly with pip install cloud-tpu-client.
2025-08-07 23:21:00,795 - INFO - Refreshing face recognition model...
2025-08-07 23:21:00,812 - WARNING - Model hash mismatch - possible corruption
2025-08-07 23:21:00,813 - WARNING - Soldier count mismatch in metadata
2025-08-07 23:21:00,813 - INFO - Model loaded successfully - 87 soldiers
2025-08-07 23:21:00,814 - INFO - Model refreshed (manual) - Soldiers: 0 -> 87
2025-08-07 23:21:00,818 - INFO - Auto refresh started with 300s interval
2025-08-07 23:21:01,277 - INFO - Emotion and face detection models loaded successfully
2025-08-07 23:21:02,459 - INFO - Dynamic session timeout loaded: 900 seconds
2025-08-07 23:21:02,513 - WARNING -  * Debugger is active!
2025-08-07 23:21:02,522 - INFO -  * Debugger PIN: 132-663-522
2025-08-07 23:21:03,082 - WARNING - Model hash mismatch - possible corruption
2025-08-07 23:21:03,083 - WARNING - Soldier count mismatch in metadata
2025-08-07 23:21:03,083 - INFO - Model loaded successfully - 87 soldiers
2025-08-07 23:21:03,098 - WARNING - Model hash mismatch - possible corruption
2025-08-07 23:21:03,098 - WARNING - Soldier count mismatch in metadata
2025-08-07 23:21:03,099 - INFO - Model loaded successfully - 87 soldiers
2025-08-07 23:21:03,114 - WARNING - Model hash mismatch - possible corruption
2025-08-07 23:21:03,114 - WARNING - Soldier count mismatch in metadata
2025-08-07 23:21:03,115 - INFO - Model loaded successfully - 87 soldiers
2025-08-07 23:21:03,154 - INFO - 127.0.0.1 - - [07/Aug/2025 23:21:03] "GET /api/monitor/face-model/status HTTP/1.1" 200 -
2025-08-07 23:22:09,814 - WARNING - Model hash mismatch - possible corruption
2025-08-07 23:22:09,815 - WARNING - Soldier count mismatch in metadata
2025-08-07 23:22:09,815 - INFO - Model loaded successfully - 87 soldiers
2025-08-07 23:22:09,842 - WARNING - Model hash mismatch - possible corruption
2025-08-07 23:22:09,842 - WARNING - Soldier count mismatch in metadata
2025-08-07 23:22:09,843 - INFO - Model loaded successfully - 87 soldiers
2025-08-07 23:22:09,867 - WARNING - Model hash mismatch - possible corruption
2025-08-07 23:22:09,867 - WARNING - Soldier count mismatch in metadata
2025-08-07 23:22:09,867 - INFO - Model loaded successfully - 87 soldiers
2025-08-07 23:22:09,903 - INFO - 127.0.0.1 - - [07/Aug/2025 23:22:09] "GET /api/monitor/face-model/status HTTP/1.1" 200 -
2025-08-07 23:23:46,838 - INFO -  * Detected change in 'D:\\Manodarsh\\backend\\services\\face_model_manager.py', reloading
2025-08-07 23:23:48,269 - INFO -  * Restarting with stat
2025-08-07 23:23:58,471 - DEBUG - Falling back to TensorFlow client; we recommended you install the Cloud TPU client directly with pip install cloud-tpu-client.
2025-08-07 23:24:02,678 - INFO - Refreshing face recognition model...
2025-08-07 23:24:02,696 - WARNING - Model hash mismatch - possible corruption
2025-08-07 23:24:02,698 - WARNING - Soldier count mismatch in metadata
2025-08-07 23:24:02,698 - INFO - Model loaded successfully - 87 soldiers
2025-08-07 23:24:02,700 - INFO - Model refreshed (manual) - Soldiers: 0 -> 87
2025-08-07 23:24:02,703 - INFO - Auto refresh started with 300s interval
2025-08-07 23:24:03,055 - INFO - Emotion and face detection models loaded successfully
2025-08-07 23:24:04,602 - INFO - Dynamic session timeout loaded: 900 seconds
2025-08-07 23:24:04,666 - WARNING -  * Debugger is active!
2025-08-07 23:24:04,678 - INFO -  * Debugger PIN: 132-663-522
2025-08-07 23:25:05,951 - WARNING - Model hash mismatch - possible corruption
2025-08-07 23:25:05,951 - WARNING - Soldier count mismatch in metadata
2025-08-07 23:25:05,951 - INFO - Model loaded successfully - 87 soldiers
2025-08-07 23:25:05,969 - WARNING - Model hash mismatch - possible corruption
2025-08-07 23:25:05,970 - WARNING - Soldier count mismatch in metadata
2025-08-07 23:25:05,970 - INFO - Model loaded successfully - 87 soldiers
2025-08-07 23:25:05,984 - WARNING - Model hash mismatch - possible corruption
2025-08-07 23:25:05,984 - WARNING - Soldier count mismatch in metadata
2025-08-07 23:25:05,985 - INFO - Model loaded successfully - 87 soldiers
2025-08-07 23:25:06,035 - INFO - 127.0.0.1 - - [07/Aug/2025 23:25:06] "GET /api/monitor/face-model/status HTTP/1.1" 200 -
2025-08-07 23:25:34,169 - INFO - 127.0.0.1 - - [07/Aug/2025 23:25:34] "[33mPOST /api/image/retrain-soldier/100000001 HTTP/1.1[0m" 404 -
2025-08-07 23:25:54,037 - WARNING - Model hash mismatch - possible corruption
2025-08-07 23:25:54,037 - WARNING - Soldier count mismatch in metadata
2025-08-07 23:25:54,038 - INFO - Model loaded successfully - 87 soldiers
2025-08-07 23:25:54,039 - INFO - 127.0.0.1 - - [07/Aug/2025 23:25:54] "[35m[1mDELETE /api/image/delete-soldier/100000001 HTTP/1.1[0m" 500 -
2025-08-07 23:26:22,092 - INFO -  * Detected change in 'D:\\Manodarsh\\backend\\api\\image\\routes.py', reloading
2025-08-07 23:26:23,097 - INFO -  * Restarting with stat
2025-08-07 23:26:32,776 - DEBUG - Falling back to TensorFlow client; we recommended you install the Cloud TPU client directly with pip install cloud-tpu-client.
2025-08-07 23:26:37,269 - INFO - Refreshing face recognition model...
2025-08-07 23:26:37,285 - WARNING - Model hash mismatch - possible corruption
2025-08-07 23:26:37,286 - WARNING - Soldier count mismatch in metadata
2025-08-07 23:26:37,286 - INFO - Model loaded successfully - 87 soldiers
2025-08-07 23:26:37,287 - INFO - Model refreshed (manual) - Soldiers: 0 -> 87
2025-08-07 23:26:37,291 - INFO - Auto refresh started with 300s interval
2025-08-07 23:26:37,666 - INFO - Emotion and face detection models loaded successfully
2025-08-07 23:26:38,853 - INFO - Dynamic session timeout loaded: 900 seconds
2025-08-07 23:26:38,919 - WARNING -  * Debugger is active!
2025-08-07 23:26:38,932 - INFO -  * Debugger PIN: 132-663-522
2025-08-07 23:26:52,927 - INFO -  * Detected change in 'D:\\Manodarsh\\backend\\api\\image\\routes.py', reloading
2025-08-07 23:26:54,054 - INFO -  * Restarting with stat
2025-08-07 23:30:07,765 - DEBUG - Falling back to TensorFlow client; we recommended you install the Cloud TPU client directly with pip install cloud-tpu-client.
2025-08-07 23:30:13,137 - INFO - Refreshing face recognition model...
2025-08-07 23:30:13,152 - WARNING - Model hash mismatch - possible corruption
2025-08-07 23:30:13,152 - WARNING - Soldier count mismatch in metadata
2025-08-07 23:30:13,152 - INFO - Model loaded successfully - 87 soldiers
2025-08-07 23:30:13,154 - INFO - Model refreshed (manual) - Soldiers: 0 -> 87
2025-08-07 23:30:13,157 - INFO - Auto refresh started with 300s interval
2025-08-07 23:30:13,621 - INFO - Emotion and face detection models loaded successfully
2025-08-07 23:30:15,378 - INFO - Dynamic session timeout loaded: 900 seconds
2025-08-07 23:30:15,488 - INFO - [31m[1mWARNING: This is a development server. Do not use it in a production deployment. Use a production WSGI server instead.[0m
 * Running on http://127.0.0.1:5000
2025-08-07 23:30:15,489 - INFO - [33mPress CTRL+C to quit[0m
2025-08-07 23:30:15,494 - INFO -  * Restarting with stat
2025-08-07 23:30:25,554 - DEBUG - Falling back to TensorFlow client; we recommended you install the Cloud TPU client directly with pip install cloud-tpu-client.
2025-08-07 23:30:30,259 - INFO - Refreshing face recognition model...
2025-08-07 23:30:30,278 - WARNING - Model hash mismatch - possible corruption
2025-08-07 23:30:30,278 - WARNING - Soldier count mismatch in metadata
2025-08-07 23:30:30,278 - INFO - Model loaded successfully - 87 soldiers
2025-08-07 23:30:30,279 - INFO - Model refreshed (manual) - Soldiers: 0 -> 87
2025-08-07 23:30:30,282 - INFO - Auto refresh started with 300s interval
2025-08-07 23:30:30,647 - INFO - Emotion and face detection models loaded successfully
2025-08-07 23:30:31,965 - INFO - Dynamic session timeout loaded: 900 seconds
2025-08-07 23:30:32,048 - WARNING -  * Debugger is active!
2025-08-07 23:30:32,064 - INFO -  * Debugger PIN: 132-663-522
2025-08-07 23:30:52,397 - INFO - 127.0.0.1 - - [07/Aug/2025 23:30:52] "OPTIONS /api/auth/login HTTP/1.1" 200 -
2025-08-07 23:30:53,209 - INFO - Dynamic session timeout loaded: 900 seconds
2025-08-07 23:30:53,213 - INFO - 127.0.0.1 - - [07/Aug/2025 23:30:53] "POST /api/auth/login HTTP/1.1" 200 -
2025-08-07 23:30:53,343 - INFO - 127.0.0.1 - - [07/Aug/2025 23:30:53] "GET /api/admin/dashboard-stats?timeframe=7d HTTP/1.1" 200 -
2025-08-07 23:30:53,716 - INFO - 127.0.0.1 - - [07/Aug/2025 23:30:53] "GET /api/admin/dashboard-stats?timeframe=7d HTTP/1.1" 200 -
2025-08-07 23:30:55,552 - INFO - 127.0.0.1 - - [07/Aug/2025 23:30:55] "GET /api/monitor/face-model/soldiers HTTP/1.1" 200 -
2025-08-07 23:30:55,864 - INFO - 127.0.0.1 - - [07/Aug/2025 23:30:55] "GET /api/monitor/face-model/soldiers HTTP/1.1" 200 -
2025-08-07 23:30:55,898 - ERROR - Error fetching soldiers: 1054 (42S22): Unknown column 'u.name' in 'field list'
2025-08-07 23:30:55,900 - INFO - 127.0.0.1 - - [07/Aug/2025 23:30:55] "[35m[1mGET /api/admin/soldiers HTTP/1.1[0m" 500 -
2025-08-07 23:30:56,152 - ERROR - Error fetching soldiers: 1054 (42S22): Unknown column 'u.name' in 'field list'
2025-08-07 23:30:56,155 - INFO - 127.0.0.1 - - [07/Aug/2025 23:30:56] "[35m[1mGET /api/admin/soldiers HTTP/1.1[0m" 500 -
2025-08-07 23:30:56,256 - WARNING - Model hash mismatch - possible corruption
2025-08-07 23:30:56,256 - WARNING - Soldier count mismatch in metadata
2025-08-07 23:30:56,257 - INFO - Model loaded successfully - 87 soldiers
2025-08-07 23:30:56,283 - WARNING - Model hash mismatch - possible corruption
2025-08-07 23:30:56,284 - WARNING - Soldier count mismatch in metadata
2025-08-07 23:30:56,284 - INFO - Model loaded successfully - 87 soldiers
2025-08-07 23:30:56,308 - WARNING - Model hash mismatch - possible corruption
2025-08-07 23:30:56,309 - WARNING - Soldier count mismatch in metadata
2025-08-07 23:30:56,309 - INFO - Model loaded successfully - 87 soldiers
2025-08-07 23:30:56,362 - INFO - 127.0.0.1 - - [07/Aug/2025 23:30:56] "GET /api/monitor/face-model/status HTTP/1.1" 200 -
2025-08-07 23:30:56,403 - WARNING - Model hash mismatch - possible corruption
2025-08-07 23:30:56,404 - WARNING - Soldier count mismatch in metadata
2025-08-07 23:30:56,404 - INFO - Model loaded successfully - 87 soldiers
2025-08-07 23:30:56,433 - WARNING - Model hash mismatch - possible corruption
2025-08-07 23:30:56,433 - WARNING - Soldier count mismatch in metadata
2025-08-07 23:30:56,434 - INFO - Model loaded successfully - 87 soldiers
2025-08-07 23:30:56,457 - WARNING - Model hash mismatch - possible corruption
2025-08-07 23:30:56,457 - WARNING - Soldier count mismatch in metadata
2025-08-07 23:30:56,457 - INFO - Model loaded successfully - 87 soldiers
2025-08-07 23:30:56,499 - INFO - 127.0.0.1 - - [07/Aug/2025 23:30:56] "GET /api/monitor/face-model/status HTTP/1.1" 200 -
2025-08-07 23:30:56,753 - WARNING - Model hash mismatch - possible corruption
2025-08-07 23:30:56,754 - WARNING - Soldier count mismatch in metadata
2025-08-07 23:30:56,755 - INFO - Model loaded successfully - 87 soldiers
2025-08-07 23:30:56,757 - INFO - 127.0.0.1 - - [07/Aug/2025 23:30:56] "GET /api/image/soldier-training-status/100000001 HTTP/1.1" 200 -
2025-08-07 23:30:56,777 - WARNING - Model hash mismatch - possible corruption
2025-08-07 23:30:56,778 - WARNING - Soldier count mismatch in metadata
2025-08-07 23:30:56,778 - INFO - Model loaded successfully - 87 soldiers
2025-08-07 23:30:56,780 - INFO - 127.0.0.1 - - [07/Aug/2025 23:30:56] "GET /api/image/soldier-training-status/100000002 HTTP/1.1" 200 -
2025-08-07 23:30:56,809 - WARNING - Model hash mismatch - possible corruption
2025-08-07 23:30:56,810 - WARNING - Soldier count mismatch in metadata
2025-08-07 23:30:56,810 - INFO - Model loaded successfully - 87 soldiers
2025-08-07 23:30:56,812 - INFO - 127.0.0.1 - - [07/Aug/2025 23:30:56] "GET /api/image/soldier-training-status/100000004 HTTP/1.1" 200 -
2025-08-07 23:30:57,116 - WARNING - Model hash mismatch - possible corruption
2025-08-07 23:30:57,116 - WARNING - Soldier count mismatch in metadata
2025-08-07 23:30:57,116 - INFO - Model loaded successfully - 87 soldiers
2025-08-07 23:30:57,118 - INFO - 127.0.0.1 - - [07/Aug/2025 23:30:57] "GET /api/image/soldier-training-status/100000001 HTTP/1.1" 200 -
2025-08-07 23:30:57,146 - WARNING - Model hash mismatch - possible corruption
2025-08-07 23:30:57,148 - WARNING - Soldier count mismatch in metadata
2025-08-07 23:30:57,148 - INFO - Model loaded successfully - 87 soldiers
2025-08-07 23:30:57,150 - INFO - 127.0.0.1 - - [07/Aug/2025 23:30:57] "GET /api/image/soldier-training-status/100000002 HTTP/1.1" 200 -
2025-08-07 23:30:57,173 - WARNING - Model hash mismatch - possible corruption
2025-08-07 23:30:57,173 - WARNING - Soldier count mismatch in metadata
2025-08-07 23:30:57,173 - INFO - Model loaded successfully - 87 soldiers
2025-08-07 23:30:57,175 - INFO - 127.0.0.1 - - [07/Aug/2025 23:30:57] "GET /api/image/soldier-training-status/100000004 HTTP/1.1" 200 -
2025-08-07 23:31:12,051 - INFO - 127.0.0.1 - - [07/Aug/2025 23:31:12] "OPTIONS /api/image/delete-soldier/100000004 HTTP/1.1" 200 -
2025-08-07 23:31:12,083 - WARNING - Model hash mismatch - possible corruption
2025-08-07 23:31:12,083 - WARNING - Soldier count mismatch in metadata
2025-08-07 23:31:12,083 - INFO - Model loaded successfully - 87 soldiers
2025-08-07 23:31:12,091 - INFO - Model backed up to: storage\models\backups\face_model_backup_pre_20250807_233112.pkl
2025-08-07 23:31:12,173 - INFO - Model saved atomically - Version: 20250807_233112, Soldiers: 57
2025-08-07 23:31:12,216 - INFO - 127.0.0.1 - - [07/Aug/2025 23:31:12] "DELETE /api/image/delete-soldier/100000004 HTTP/1.1" 200 -
2025-08-07 23:31:12,321 - INFO - 127.0.0.1 - - [07/Aug/2025 23:31:12] "GET /api/monitor/face-model/soldiers HTTP/1.1" 200 -
2025-08-07 23:31:12,558 - ERROR - Error fetching soldiers: 1054 (42S22): Unknown column 'u.name' in 'field list'
2025-08-07 23:31:12,560 - INFO - 127.0.0.1 - - [07/Aug/2025 23:31:12] "[35m[1mGET /api/admin/soldiers HTTP/1.1[0m" 500 -
2025-08-07 23:31:12,689 - INFO - Model loaded successfully - 57 soldiers
2025-08-07 23:31:12,713 - INFO - Model loaded successfully - 57 soldiers
2025-08-07 23:31:12,736 - INFO - Model loaded successfully - 57 soldiers
2025-08-07 23:31:12,794 - INFO - 127.0.0.1 - - [07/Aug/2025 23:31:12] "GET /api/monitor/face-model/status HTTP/1.1" 200 -
2025-08-07 23:31:12,931 - INFO - Model loaded successfully - 57 soldiers
2025-08-07 23:31:12,934 - INFO - 127.0.0.1 - - [07/Aug/2025 23:31:12] "GET /api/image/soldier-training-status/100000001 HTTP/1.1" 200 -
2025-08-07 23:31:13,146 - INFO - 127.0.0.1 - - [07/Aug/2025 23:31:13] "GET /api/image/soldier-training-status/100000004 HTTP/1.1" 200 -
2025-08-07 23:31:13,157 - INFO - Model loaded successfully - 57 soldiers
2025-08-07 23:31:13,159 - INFO - 127.0.0.1 - - [07/Aug/2025 23:31:13] "GET /api/image/soldier-training-status/100000002 HTTP/1.1" 200 -
2025-08-07 23:31:24,485 - INFO - 127.0.0.1 - - [07/Aug/2025 23:31:24] "GET /api/auth/session-status HTTP/1.1" 200 -
2025-08-07 23:31:54,225 - INFO - 127.0.0.1 - - [07/Aug/2025 23:31:54] "GET /api/auth/session-status HTTP/1.1" 200 -
2025-08-07 23:32:15,940 - INFO - 127.0.0.1 - - [07/Aug/2025 23:32:15] "OPTIONS /api/auth/login HTTP/1.1" 200 -
2025-08-07 23:32:16,750 - INFO - Dynamic session timeout loaded: 900 seconds
2025-08-07 23:32:16,754 - INFO - 127.0.0.1 - - [07/Aug/2025 23:32:16] "POST /api/auth/login HTTP/1.1" 200 -
2025-08-07 23:32:16,909 - INFO - 127.0.0.1 - - [07/Aug/2025 23:32:16] "GET /api/admin/dashboard-stats?timeframe=7d HTTP/1.1" 200 -
2025-08-07 23:32:17,284 - INFO - 127.0.0.1 - - [07/Aug/2025 23:32:17] "GET /api/admin/dashboard-stats?timeframe=7d HTTP/1.1" 200 -
2025-08-07 23:32:19,400 - INFO - 127.0.0.1 - - [07/Aug/2025 23:32:19] "GET /api/monitor/face-model/soldiers HTTP/1.1" 200 -
2025-08-07 23:32:19,716 - INFO - 127.0.0.1 - - [07/Aug/2025 23:32:19] "GET /api/monitor/face-model/soldiers HTTP/1.1" 200 -
2025-08-07 23:32:19,740 - ERROR - Error fetching soldiers: 1054 (42S22): Unknown column 'u.name' in 'field list'
2025-08-07 23:32:19,744 - INFO - 127.0.0.1 - - [07/Aug/2025 23:32:19] "[35m[1mGET /api/admin/soldiers HTTP/1.1[0m" 500 -
2025-08-07 23:32:20,010 - ERROR - Error fetching soldiers: 1054 (42S22): Unknown column 'u.name' in 'field list'
2025-08-07 23:32:20,012 - INFO - 127.0.0.1 - - [07/Aug/2025 23:32:20] "[35m[1mGET /api/admin/soldiers HTTP/1.1[0m" 500 -
2025-08-07 23:32:20,077 - INFO - Model loaded successfully - 57 soldiers
2025-08-07 23:32:20,090 - INFO - Model loaded successfully - 57 soldiers
2025-08-07 23:32:20,101 - INFO - Model loaded successfully - 57 soldiers
2025-08-07 23:32:20,152 - INFO - 127.0.0.1 - - [07/Aug/2025 23:32:20] "GET /api/monitor/face-model/status HTTP/1.1" 200 -
2025-08-07 23:32:20,181 - INFO - Model loaded successfully - 57 soldiers
2025-08-07 23:32:20,194 - INFO - Model loaded successfully - 57 soldiers
2025-08-07 23:32:20,206 - INFO - Model loaded successfully - 57 soldiers
2025-08-07 23:32:20,256 - INFO - 127.0.0.1 - - [07/Aug/2025 23:32:20] "GET /api/monitor/face-model/status HTTP/1.1" 200 -
2025-08-07 23:32:20,531 - INFO - Model loaded successfully - 57 soldiers
2025-08-07 23:32:20,533 - INFO - 127.0.0.1 - - [07/Aug/2025 23:32:20] "GET /api/image/soldier-training-status/100000001 HTTP/1.1" 200 -
2025-08-07 23:32:20,549 - INFO - Model loaded successfully - 57 soldiers
2025-08-07 23:32:20,551 - INFO - 127.0.0.1 - - [07/Aug/2025 23:32:20] "GET /api/image/soldier-training-status/100000002 HTTP/1.1" 200 -
2025-08-07 23:32:20,551 - INFO - 127.0.0.1 - - [07/Aug/2025 23:32:20] "GET /api/image/soldier-training-status/100000004 HTTP/1.1" 200 -
2025-08-07 23:32:20,889 - INFO - Model loaded successfully - 57 soldiers
2025-08-07 23:32:20,891 - INFO - 127.0.0.1 - - [07/Aug/2025 23:32:20] "GET /api/image/soldier-training-status/100000001 HTTP/1.1" 200 -
2025-08-07 23:32:20,938 - INFO - Model loaded successfully - 57 soldiers
2025-08-07 23:32:20,940 - INFO - 127.0.0.1 - - [07/Aug/2025 23:32:20] "GET /api/image/soldier-training-status/100000002 HTTP/1.1" 200 -
2025-08-07 23:32:20,941 - INFO - 127.0.0.1 - - [07/Aug/2025 23:32:20] "GET /api/image/soldier-training-status/100000004 HTTP/1.1" 200 -
2025-08-07 23:32:27,267 - INFO - 127.0.0.1 - - [07/Aug/2025 23:32:27] "GET /api/monitor/face-model/soldiers HTTP/1.1" 200 -
2025-08-07 23:32:27,555 - ERROR - Error fetching soldiers: 1054 (42S22): Unknown column 'u.name' in 'field list'
2025-08-07 23:32:27,559 - INFO - 127.0.0.1 - - [07/Aug/2025 23:32:27] "[35m[1mGET /api/admin/soldiers HTTP/1.1[0m" 500 -
2025-08-07 23:32:27,611 - INFO - Model loaded successfully - 57 soldiers
2025-08-07 23:32:27,628 - INFO - Model loaded successfully - 57 soldiers
2025-08-07 23:32:27,645 - INFO - Model loaded successfully - 57 soldiers
2025-08-07 23:32:27,695 - INFO - 127.0.0.1 - - [07/Aug/2025 23:32:27] "GET /api/monitor/face-model/status HTTP/1.1" 200 -
2025-08-07 23:32:27,910 - INFO - Model loaded successfully - 57 soldiers
2025-08-07 23:32:27,911 - INFO - 127.0.0.1 - - [07/Aug/2025 23:32:27] "GET /api/image/soldier-training-status/100000001 HTTP/1.1" 200 -
2025-08-07 23:32:28,046 - INFO - 127.0.0.1 - - [07/Aug/2025 23:32:28] "GET /api/image/soldier-training-status/100000004 HTTP/1.1" 200 -
2025-08-07 23:32:28,059 - INFO - Model loaded successfully - 57 soldiers
2025-08-07 23:32:28,060 - INFO - 127.0.0.1 - - [07/Aug/2025 23:32:28] "GET /api/image/soldier-training-status/100000002 HTTP/1.1" 200 -
2025-08-07 23:32:32,412 - INFO - 127.0.0.1 - - [07/Aug/2025 23:32:32] "OPTIONS /api/image/delete-soldier/100000004 HTTP/1.1" 200 -
2025-08-07 23:32:32,437 - INFO - Model loaded successfully - 57 soldiers
2025-08-07 23:32:32,439 - INFO - 127.0.0.1 - - [07/Aug/2025 23:32:32] "[33mDELETE /api/image/delete-soldier/100000004 HTTP/1.1[0m" 404 -
2025-08-07 23:33:05,266 - INFO - 127.0.0.1 - - [07/Aug/2025 23:33:05] "GET /api/auth/session-status HTTP/1.1" 200 -
2025-08-08 08:45:19,081 - DEBUG - Falling back to TensorFlow client; we recommended you install the Cloud TPU client directly with pip install cloud-tpu-client.
2025-08-08 08:45:22,295 - INFO - Refreshing face recognition model...
2025-08-08 08:45:22,302 - INFO - Model loaded successfully - 57 soldiers
2025-08-08 08:45:22,303 - INFO - Model refreshed (manual) - Soldiers: 0 -> 57
2025-08-08 08:45:22,304 - INFO - Auto refresh started with 300s interval
2025-08-08 08:45:22,536 - INFO - Emotion and face detection models loaded successfully
2025-08-08 08:45:23,490 - INFO - Dynamic session timeout loaded: 900 seconds
2025-08-08 08:45:23,552 - INFO - [31m[1mWARNING: This is a development server. Do not use it in a production deployment. Use a production WSGI server instead.[0m
 * Running on http://127.0.0.1:5000
2025-08-08 08:45:23,553 - INFO - [33mPress CTRL+C to quit[0m
2025-08-08 08:45:23,556 - INFO -  * Restarting with stat
2025-08-08 08:45:28,826 - DEBUG - Falling back to TensorFlow client; we recommended you install the Cloud TPU client directly with pip install cloud-tpu-client.
2025-08-08 08:45:31,571 - INFO - Refreshing face recognition model...
2025-08-08 08:45:31,579 - INFO - Model loaded successfully - 57 soldiers
2025-08-08 08:45:31,581 - INFO - Model refreshed (manual) - Soldiers: 0 -> 57
2025-08-08 08:45:31,583 - INFO - Auto refresh started with 300s interval
2025-08-08 08:45:31,879 - INFO - Emotion and face detection models loaded successfully
2025-08-08 08:45:32,627 - INFO - Dynamic session timeout loaded: 900 seconds
2025-08-08 08:45:32,672 - WARNING -  * Debugger is active!
2025-08-08 08:45:32,681 - INFO -  * Debugger PIN: 132-663-522
2025-08-08 08:45:47,391 - INFO - 127.0.0.1 - - [08/Aug/2025 08:45:47] "OPTIONS /api/auth/login HTTP/1.1" 200 -
2025-08-08 08:45:48,036 - INFO - Dynamic session timeout loaded: 900 seconds
2025-08-08 08:45:48,039 - INFO - 127.0.0.1 - - [08/Aug/2025 08:45:48] "POST /api/auth/login HTTP/1.1" 200 -
2025-08-08 08:45:48,113 - INFO - 127.0.0.1 - - [08/Aug/2025 08:45:48] "GET /api/admin/dashboard-stats?timeframe=7d HTTP/1.1" 200 -
2025-08-08 08:45:48,460 - INFO - 127.0.0.1 - - [08/Aug/2025 08:45:48] "GET /api/admin/dashboard-stats?timeframe=7d HTTP/1.1" 200 -
2025-08-08 08:45:56,174 - INFO - 127.0.0.1 - - [08/Aug/2025 08:45:56] "GET /api/monitor/face-model/soldiers HTTP/1.1" 200 -
2025-08-08 08:45:56,486 - INFO - 127.0.0.1 - - [08/Aug/2025 08:45:56] "GET /api/monitor/face-model/soldiers HTTP/1.1" 200 -
2025-08-08 08:45:56,506 - ERROR - Error fetching soldiers: 1054 (42S22): Unknown column 'u.name' in 'field list'
2025-08-08 08:45:56,507 - INFO - 127.0.0.1 - - [08/Aug/2025 08:45:56] "[35m[1mGET /api/admin/soldiers HTTP/1.1[0m" 500 -
2025-08-08 08:45:56,771 - ERROR - Error fetching soldiers: 1054 (42S22): Unknown column 'u.name' in 'field list'
2025-08-08 08:45:56,773 - INFO - 127.0.0.1 - - [08/Aug/2025 08:45:56] "[35m[1mGET /api/admin/soldiers HTTP/1.1[0m" 500 -
2025-08-08 08:45:56,858 - INFO - Model loaded successfully - 57 soldiers
2025-08-08 08:45:56,875 - INFO - Model loaded successfully - 57 soldiers
2025-08-08 08:45:56,891 - INFO - Model loaded successfully - 57 soldiers
2025-08-08 08:45:56,941 - INFO - 127.0.0.1 - - [08/Aug/2025 08:45:56] "GET /api/monitor/face-model/status HTTP/1.1" 200 -
2025-08-08 08:45:56,964 - INFO - Model loaded successfully - 57 soldiers
2025-08-08 08:45:56,982 - INFO - Model loaded successfully - 57 soldiers
2025-08-08 08:45:56,996 - INFO - Model loaded successfully - 57 soldiers
2025-08-08 08:45:57,025 - INFO - 127.0.0.1 - - [08/Aug/2025 08:45:57] "GET /api/monitor/face-model/status HTTP/1.1" 200 -
2025-08-08 08:45:57,313 - INFO - Model loaded successfully - 57 soldiers
2025-08-08 08:45:57,315 - INFO - 127.0.0.1 - - [08/Aug/2025 08:45:57] "GET /api/image/soldier-training-status/100000001 HTTP/1.1" 200 -
2025-08-08 08:45:57,333 - INFO - Model loaded successfully - 57 soldiers
2025-08-08 08:45:57,335 - INFO - 127.0.0.1 - - [08/Aug/2025 08:45:57] "GET /api/image/soldier-training-status/100000002 HTTP/1.1" 200 -
2025-08-08 08:45:57,657 - INFO - Model loaded successfully - 57 soldiers
2025-08-08 08:45:57,658 - INFO - 127.0.0.1 - - [08/Aug/2025 08:45:57] "GET /api/image/soldier-training-status/100000001 HTTP/1.1" 200 -
2025-08-08 08:45:57,673 - INFO - Model loaded successfully - 57 soldiers
2025-08-08 08:45:57,674 - INFO - 127.0.0.1 - - [08/Aug/2025 08:45:57] "GET /api/image/soldier-training-status/100000002 HTTP/1.1" 200 -
2025-08-08 08:46:00,348 - INFO - 127.0.0.1 - - [08/Aug/2025 08:46:00] "GET /api/monitor/face-model/soldiers HTTP/1.1" 200 -
2025-08-08 08:46:00,597 - INFO - 127.0.0.1 - - [08/Aug/2025 08:46:00] "GET /api/monitor/face-model/soldiers HTTP/1.1" 200 -
2025-08-08 08:46:00,686 - ERROR - Error fetching soldiers: 1054 (42S22): Unknown column 'u.name' in 'field list'
2025-08-08 08:46:00,688 - INFO - 127.0.0.1 - - [08/Aug/2025 08:46:00] "[35m[1mGET /api/admin/soldiers HTTP/1.1[0m" 500 -
2025-08-08 08:46:00,724 - ERROR - Error fetching soldiers: 1054 (42S22): Unknown column 'u.name' in 'field list'
2025-08-08 08:46:00,726 - INFO - 127.0.0.1 - - [08/Aug/2025 08:46:00] "[35m[1mGET /api/admin/soldiers HTTP/1.1[0m" 500 -
2025-08-08 08:46:01,029 - INFO - Model loaded successfully - 57 soldiers
2025-08-08 08:46:01,046 - INFO - Model loaded successfully - 57 soldiers
2025-08-08 08:46:01,064 - INFO - Model loaded successfully - 57 soldiers
2025-08-08 08:46:01,118 - INFO - 127.0.0.1 - - [08/Aug/2025 08:46:01] "GET /api/monitor/face-model/status HTTP/1.1" 200 -
2025-08-08 08:46:01,464 - INFO - Model loaded successfully - 57 soldiers
2025-08-08 08:46:01,490 - INFO - Model loaded successfully - 57 soldiers
2025-08-08 08:46:01,491 - INFO - 127.0.0.1 - - [08/Aug/2025 08:46:01] "GET /api/image/soldier-training-status/100000001 HTTP/1.1" 200 -
2025-08-08 08:46:01,506 - INFO - Model loaded successfully - 57 soldiers
2025-08-08 08:46:01,522 - INFO - Model loaded successfully - 57 soldiers
2025-08-08 08:46:01,524 - INFO - 127.0.0.1 - - [08/Aug/2025 08:46:01] "GET /api/image/soldier-training-status/100000002 HTTP/1.1" 200 -
2025-08-08 08:46:01,548 - INFO - Model loaded successfully - 57 soldiers
2025-08-08 08:46:01,599 - INFO - 127.0.0.1 - - [08/Aug/2025 08:46:01] "GET /api/monitor/face-model/status HTTP/1.1" 200 -
2025-08-08 08:46:01,738 - INFO - Model loaded successfully - 57 soldiers
2025-08-08 08:46:01,739 - INFO - 127.0.0.1 - - [08/Aug/2025 08:46:01] "GET /api/image/soldier-training-status/100000001 HTTP/1.1" 200 -
2025-08-08 08:46:01,955 - INFO - Model loaded successfully - 57 soldiers
2025-08-08 08:46:01,956 - INFO - 127.0.0.1 - - [08/Aug/2025 08:46:01] "GET /api/image/soldier-training-status/100000002 HTTP/1.1" 200 -
2025-08-08 08:46:18,818 - INFO - 127.0.0.1 - - [08/Aug/2025 08:46:18] "GET /api/auth/session-status HTTP/1.1" 200 -
2025-08-08 08:46:49,110 - INFO - 127.0.0.1 - - [08/Aug/2025 08:46:49] "GET /api/auth/session-status HTTP/1.1" 200 -
2025-08-08 08:47:18,806 - INFO - 127.0.0.1 - - [08/Aug/2025 08:47:18] "GET /api/auth/session-status HTTP/1.1" 200 -
2025-08-08 08:47:49,113 - INFO - 127.0.0.1 - - [08/Aug/2025 08:47:49] "GET /api/auth/session-status HTTP/1.1" 200 -
2025-08-08 08:48:18,840 - INFO - 127.0.0.1 - - [08/Aug/2025 08:48:18] "GET /api/auth/session-status HTTP/1.1" 200 -
2025-08-08 08:48:49,131 - INFO - 127.0.0.1 - - [08/Aug/2025 08:48:49] "GET /api/auth/session-status HTTP/1.1" 200 -
2025-08-08 08:49:18,816 - INFO - 127.0.0.1 - - [08/Aug/2025 08:49:18] "GET /api/auth/session-status HTTP/1.1" 200 -
2025-08-08 08:49:49,110 - INFO - 127.0.0.1 - - [08/Aug/2025 08:49:49] "GET /api/auth/session-status HTTP/1.1" 200 -
2025-08-08 08:50:50,121 - INFO - 127.0.0.1 - - [08/Aug/2025 08:50:50] "GET /api/auth/session-status HTTP/1.1" 200 -
2025-08-08 08:51:51,126 - INFO - 127.0.0.1 - - [08/Aug/2025 08:51:51] "GET /api/auth/session-status HTTP/1.1" 200 -
2025-08-08 08:52:52,113 - INFO - 127.0.0.1 - - [08/Aug/2025 08:52:52] "GET /api/auth/session-status HTTP/1.1" 200 -
2025-08-08 08:53:20,352 - INFO - 127.0.0.1 - - [08/Aug/2025 08:53:20] "GET /api/auth/session-status HTTP/1.1" 200 -
2025-08-08 08:53:28,352 - INFO - 127.0.0.1 - - [08/Aug/2025 08:53:28] "OPTIONS /api/image/delete-soldier/100000001 HTTP/1.1" 200 -
2025-08-08 08:53:28,669 - INFO - Model loaded successfully - 57 soldiers
2025-08-08 08:53:28,685 - INFO - Model backed up to: storage\models\backups\face_model_backup_pre_20250808_085328.pkl
2025-08-08 08:53:28,706 - INFO - Model saved atomically - Version: 20250808_085328, Soldiers: 30
2025-08-08 08:53:28,728 - INFO - 127.0.0.1 - - [08/Aug/2025 08:53:28] "DELETE /api/image/delete-soldier/100000001 HTTP/1.1" 200 -
2025-08-08 08:53:28,736 - INFO - 127.0.0.1 - - [08/Aug/2025 08:53:28] "GET /api/monitor/face-model/soldiers HTTP/1.1" 200 -
2025-08-08 08:53:29,076 - ERROR - Error fetching soldiers: 1054 (42S22): Unknown column 'u.name' in 'field list'
2025-08-08 08:53:29,077 - INFO - 127.0.0.1 - - [08/Aug/2025 08:53:29] "[35m[1mGET /api/admin/soldiers HTTP/1.1[0m" 500 -
2025-08-08 08:53:29,349 - INFO - Model loaded successfully - 30 soldiers
2025-08-08 08:53:29,357 - INFO - Model loaded successfully - 30 soldiers
2025-08-08 08:53:29,362 - INFO - Model loaded successfully - 30 soldiers
2025-08-08 08:53:29,393 - INFO - 127.0.0.1 - - [08/Aug/2025 08:53:29] "GET /api/monitor/face-model/status HTTP/1.1" 200 -
2025-08-08 08:53:29,415 - INFO - 127.0.0.1 - - [08/Aug/2025 08:53:29] "GET /api/image/soldier-training-status/100000001 HTTP/1.1" 200 -
2025-08-08 08:53:29,719 - INFO - Model loaded successfully - 30 soldiers
2025-08-08 08:53:29,720 - INFO - 127.0.0.1 - - [08/Aug/2025 08:53:29] "GET /api/image/soldier-training-status/100000002 HTTP/1.1" 200 -
2025-08-08 08:53:36,530 - INFO - 127.0.0.1 - - [08/Aug/2025 08:53:36] "OPTIONS /api/image/delete-soldier/100000002 HTTP/1.1" 200 -
2025-08-08 08:53:36,545 - INFO - Model loaded successfully - 30 soldiers
2025-08-08 08:53:36,554 - INFO - Model backed up to: storage\models\backups\face_model_backup_pre_20250808_085336.pkl
2025-08-08 08:53:36,580 - INFO - Model saved atomically - Version: 20250808_085336, Soldiers: 0
2025-08-08 08:53:36,608 - INFO - 127.0.0.1 - - [08/Aug/2025 08:53:36] "DELETE /api/image/delete-soldier/100000002 HTTP/1.1" 200 -
2025-08-08 08:53:36,793 - INFO - 127.0.0.1 - - [08/Aug/2025 08:53:36] "GET /api/monitor/face-model/soldiers HTTP/1.1" 200 -
2025-08-08 08:53:36,953 - ERROR - Error fetching soldiers: 1054 (42S22): Unknown column 'u.name' in 'field list'
2025-08-08 08:53:36,955 - INFO - 127.0.0.1 - - [08/Aug/2025 08:53:36] "[35m[1mGET /api/admin/soldiers HTTP/1.1[0m" 500 -
2025-08-08 08:53:37,149 - INFO - Model loaded successfully - 0 soldiers
2025-08-08 08:53:37,154 - INFO - Model loaded successfully - 0 soldiers
2025-08-08 08:53:37,157 - INFO - Model loaded successfully - 0 soldiers
2025-08-08 08:53:37,215 - INFO - 127.0.0.1 - - [08/Aug/2025 08:53:37] "GET /api/monitor/face-model/status HTTP/1.1" 200 -
2025-08-08 08:53:37,282 - INFO - 127.0.0.1 - - [08/Aug/2025 08:53:37] "GET /api/image/soldier-training-status/100000001 HTTP/1.1" 200 -
2025-08-08 08:53:37,549 - INFO - 127.0.0.1 - - [08/Aug/2025 08:53:37] "GET /api/image/soldier-training-status/100000002 HTTP/1.1" 200 -
2025-08-08 08:53:41,983 - INFO - 127.0.0.1 - - [08/Aug/2025 08:53:41] "GET /api/monitor/face-model/soldiers HTTP/1.1" 200 -
2025-08-08 08:53:42,326 - ERROR - Error fetching soldiers: 1054 (42S22): Unknown column 'u.name' in 'field list'
2025-08-08 08:53:42,328 - INFO - 127.0.0.1 - - [08/Aug/2025 08:53:42] "[35m[1mGET /api/admin/soldiers HTTP/1.1[0m" 500 -
2025-08-08 08:53:42,572 - INFO - Model loaded successfully - 0 soldiers
2025-08-08 08:53:42,575 - INFO - Model loaded successfully - 0 soldiers
2025-08-08 08:53:42,577 - INFO - Model loaded successfully - 0 soldiers
2025-08-08 08:53:42,624 - INFO - 127.0.0.1 - - [08/Aug/2025 08:53:42] "GET /api/monitor/face-model/status HTTP/1.1" 200 -
2025-08-08 08:53:42,672 - INFO - 127.0.0.1 - - [08/Aug/2025 08:53:42] "GET /api/image/soldier-training-status/100000001 HTTP/1.1" 200 -
2025-08-08 08:53:42,965 - INFO - 127.0.0.1 - - [08/Aug/2025 08:53:42] "GET /api/image/soldier-training-status/100000002 HTTP/1.1" 200 -
2025-08-08 08:53:44,472 - INFO - 127.0.0.1 - - [08/Aug/2025 08:53:44] "GET /api/monitor/face-model/soldiers HTTP/1.1" 200 -
2025-08-08 08:53:44,811 - ERROR - Error fetching soldiers: 1054 (42S22): Unknown column 'u.name' in 'field list'
2025-08-08 08:53:44,812 - INFO - 127.0.0.1 - - [08/Aug/2025 08:53:44] "[35m[1mGET /api/admin/soldiers HTTP/1.1[0m" 500 -
2025-08-08 08:53:45,049 - INFO - Model loaded successfully - 0 soldiers
2025-08-08 08:53:45,051 - INFO - Model loaded successfully - 0 soldiers
2025-08-08 08:53:45,052 - INFO - Model loaded successfully - 0 soldiers
2025-08-08 08:53:45,079 - INFO - 127.0.0.1 - - [08/Aug/2025 08:53:45] "GET /api/monitor/face-model/status HTTP/1.1" 200 -
2025-08-08 08:53:45,136 - INFO - 127.0.0.1 - - [08/Aug/2025 08:53:45] "GET /api/image/soldier-training-status/100000001 HTTP/1.1" 200 -
2025-08-08 08:53:45,416 - INFO - 127.0.0.1 - - [08/Aug/2025 08:53:45] "GET /api/image/soldier-training-status/100000002 HTTP/1.1" 200 -
2025-08-08 08:53:47,022 - INFO - 127.0.0.1 - - [08/Aug/2025 08:53:47] "GET /api/monitor/face-model/soldiers HTTP/1.1" 200 -
2025-08-08 08:53:47,370 - ERROR - Error fetching soldiers: 1054 (42S22): Unknown column 'u.name' in 'field list'
2025-08-08 08:53:47,372 - INFO - 127.0.0.1 - - [08/Aug/2025 08:53:47] "[35m[1mGET /api/admin/soldiers HTTP/1.1[0m" 500 -
2025-08-08 08:53:47,611 - INFO - Model loaded successfully - 0 soldiers
2025-08-08 08:53:47,613 - INFO - Model loaded successfully - 0 soldiers
2025-08-08 08:53:47,614 - INFO - Model loaded successfully - 0 soldiers
2025-08-08 08:53:47,645 - INFO - 127.0.0.1 - - [08/Aug/2025 08:53:47] "GET /api/monitor/face-model/status HTTP/1.1" 200 -
2025-08-08 08:53:47,705 - INFO - 127.0.0.1 - - [08/Aug/2025 08:53:47] "GET /api/image/soldier-training-status/100000001 HTTP/1.1" 200 -
2025-08-08 08:53:47,979 - INFO - 127.0.0.1 - - [08/Aug/2025 08:53:47] "GET /api/image/soldier-training-status/100000002 HTTP/1.1" 200 -
2025-08-08 08:53:48,360 - INFO - 127.0.0.1 - - [08/Aug/2025 08:53:48] "GET /api/auth/session-status HTTP/1.1" 200 -
2025-08-08 08:54:18,808 - INFO - 127.0.0.1 - - [08/Aug/2025 08:54:18] "GET /api/auth/session-status HTTP/1.1" 200 -
2025-08-08 08:54:49,112 - INFO - 127.0.0.1 - - [08/Aug/2025 08:54:49] "GET /api/auth/session-status HTTP/1.1" 200 -
2025-08-08 08:55:22,319 - INFO - Refreshing face recognition model...
2025-08-08 08:55:22,320 - INFO - Model loaded successfully - 0 soldiers
2025-08-08 08:55:22,321 - INFO - Model refreshed (auto) - Soldiers: 57 -> 0
2025-08-08 08:55:31,600 - INFO - Refreshing face recognition model...
2025-08-08 08:55:31,602 - INFO - Model loaded successfully - 0 soldiers
2025-08-08 08:55:31,603 - INFO - Model refreshed (auto) - Soldiers: 57 -> 0
2025-08-08 08:55:34,851 - INFO - 127.0.0.1 - - [08/Aug/2025 08:55:34] "GET /api/auth/session-status HTTP/1.1" 200 -
2025-08-08 08:55:49,123 - INFO - 127.0.0.1 - - [08/Aug/2025 08:55:49] "GET /api/auth/session-status HTTP/1.1" 200 -
2025-08-08 08:56:18,808 - INFO - 127.0.0.1 - - [08/Aug/2025 08:56:18] "GET /api/auth/session-status HTTP/1.1" 200 -
2025-08-08 08:57:04,121 - INFO - 127.0.0.1 - - [08/Aug/2025 08:57:04] "GET /api/auth/session-status HTTP/1.1" 200 -
2025-08-08 08:58:03,807 - INFO - 127.0.0.1 - - [08/Aug/2025 08:58:03] "GET /api/auth/session-status HTTP/1.1" 200 -
2025-08-08 08:58:45,153 - INFO -  * Detected change in 'D:\\Manodarsh\\backend\\api\\image\\routes.py', reloading
2025-08-08 08:58:45,776 - INFO -  * Restarting with stat
2025-08-08 08:58:51,949 - DEBUG - Falling back to TensorFlow client; we recommended you install the Cloud TPU client directly with pip install cloud-tpu-client.
2025-08-08 08:58:54,380 - INFO - Refreshing face recognition model...
2025-08-08 08:58:54,380 - INFO - Model loaded successfully - 0 soldiers
2025-08-08 08:58:54,381 - INFO - Model refreshed (manual) - Soldiers: 0 -> 0
2025-08-08 08:58:54,383 - INFO - Auto refresh started with 300s interval
2025-08-08 08:58:54,610 - INFO - Emotion and face detection models loaded successfully
2025-08-08 08:58:55,244 - INFO - Dynamic session timeout loaded: 900 seconds
2025-08-08 08:58:55,284 - WARNING -  * Debugger is active!
2025-08-08 08:58:55,292 - INFO -  * Debugger PIN: 132-663-522
2025-08-08 08:58:58,786 - INFO -  * Detected change in 'D:\\Manodarsh\\backend\\api\\image\\routes.py', reloading
2025-08-08 08:58:59,313 - INFO -  * Restarting with stat
2025-08-08 08:59:05,161 - DEBUG - Falling back to TensorFlow client; we recommended you install the Cloud TPU client directly with pip install cloud-tpu-client.
2025-08-08 08:59:08,079 - INFO - Refreshing face recognition model...
2025-08-08 08:59:08,080 - INFO - Model loaded successfully - 0 soldiers
2025-08-08 08:59:08,081 - INFO - Model refreshed (manual) - Soldiers: 0 -> 0
2025-08-08 08:59:08,082 - INFO - Auto refresh started with 300s interval
2025-08-08 08:59:08,303 - INFO - Emotion and face detection models loaded successfully
2025-08-08 08:59:08,972 - INFO - Dynamic session timeout loaded: 900 seconds
2025-08-08 08:59:09,013 - WARNING -  * Debugger is active!
2025-08-08 08:59:09,022 - INFO -  * Debugger PIN: 132-663-522
2025-08-08 08:59:09,372 - INFO - 127.0.0.1 - - [08/Aug/2025 08:59:09] "GET /api/auth/session-status HTTP/1.1" 200 -
2025-08-08 09:00:03,817 - INFO - 127.0.0.1 - - [08/Aug/2025 09:00:03] "GET /api/auth/session-status HTTP/1.1" 200 -
2025-08-08 09:01:04,121 - INFO - 127.0.0.1 - - [08/Aug/2025 09:01:04] "[31m[1mGET /api/auth/session-status HTTP/1.1[0m" 401 -
2025-08-08 09:03:31,403 - INFO - 127.0.0.1 - - [08/Aug/2025 09:03:31] "OPTIONS /api/auth/login HTTP/1.1" 200 -
2025-08-08 09:03:32,017 - INFO - Dynamic session timeout loaded: 900 seconds
2025-08-08 09:03:32,019 - INFO - 127.0.0.1 - - [08/Aug/2025 09:03:32] "POST /api/auth/login HTTP/1.1" 200 -
2025-08-08 09:03:32,092 - INFO - 127.0.0.1 - - [08/Aug/2025 09:03:32] "GET /api/admin/dashboard-stats?timeframe=7d HTTP/1.1" 200 -
2025-08-08 09:03:32,444 - INFO - 127.0.0.1 - - [08/Aug/2025 09:03:32] "GET /api/admin/dashboard-stats?timeframe=7d HTTP/1.1" 200 -
2025-08-08 09:03:35,199 - INFO - 127.0.0.1 - - [08/Aug/2025 09:03:35] "GET /api/monitor/face-model/soldiers HTTP/1.1" 200 -
2025-08-08 09:03:35,521 - INFO - 127.0.0.1 - - [08/Aug/2025 09:03:35] "GET /api/monitor/face-model/soldiers HTTP/1.1" 200 -
2025-08-08 09:03:35,546 - ERROR - Error fetching soldiers: 1054 (42S22): Unknown column 'u.name' in 'field list'
2025-08-08 09:03:35,548 - INFO - 127.0.0.1 - - [08/Aug/2025 09:03:35] "[35m[1mGET /api/admin/soldiers HTTP/1.1[0m" 500 -
2025-08-08 09:03:35,801 - ERROR - Error fetching soldiers: 1054 (42S22): Unknown column 'u.name' in 'field list'
2025-08-08 09:03:35,803 - INFO - 127.0.0.1 - - [08/Aug/2025 09:03:35] "[35m[1mGET /api/admin/soldiers HTTP/1.1[0m" 500 -
2025-08-08 09:03:35,934 - INFO - Model loaded successfully - 0 soldiers
2025-08-08 09:03:35,937 - INFO - Model loaded successfully - 0 soldiers
2025-08-08 09:03:35,942 - INFO - Model loaded successfully - 0 soldiers
2025-08-08 09:03:35,979 - INFO - 127.0.0.1 - - [08/Aug/2025 09:03:35] "GET /api/monitor/face-model/status HTTP/1.1" 200 -
2025-08-08 09:03:35,988 - INFO - Model loaded successfully - 0 soldiers
2025-08-08 09:03:35,991 - INFO - Model loaded successfully - 0 soldiers
2025-08-08 09:03:35,992 - INFO - Model loaded successfully - 0 soldiers
2025-08-08 09:03:36,032 - INFO - 127.0.0.1 - - [08/Aug/2025 09:03:36] "GET /api/monitor/face-model/status HTTP/1.1" 200 -
2025-08-08 09:04:02,044 - INFO - 127.0.0.1 - - [08/Aug/2025 09:04:02] "GET /api/auth/session-status HTTP/1.1" 200 -
2025-08-08 09:04:33,121 - INFO - 127.0.0.1 - - [08/Aug/2025 09:04:33] "GET /api/auth/session-status HTTP/1.1" 200 -
2025-08-08 09:05:02,817 - INFO - 127.0.0.1 - - [08/Aug/2025 09:05:02] "GET /api/auth/session-status HTTP/1.1" 200 -
2025-08-08 09:05:33,119 - INFO - 127.0.0.1 - - [08/Aug/2025 09:05:33] "GET /api/auth/session-status HTTP/1.1" 200 -
2025-08-08 09:05:44,847 - INFO -  * Detected change in 'D:\\Manodarsh\\backend\\api\\image\\routes.py', reloading
2025-08-08 09:05:45,491 - INFO -  * Restarting with stat
2025-08-08 09:05:54,887 - DEBUG - Falling back to TensorFlow client; we recommended you install the Cloud TPU client directly with pip install cloud-tpu-client.
2025-08-08 09:06:03,032 - INFO - Refreshing face recognition model...
2025-08-08 09:06:03,033 - INFO - Model loaded successfully - 0 soldiers
2025-08-08 09:06:03,034 - INFO - Model refreshed (manual) - Soldiers: 0 -> 0
2025-08-08 09:06:03,035 - INFO - Auto refresh started with 300s interval
2025-08-08 09:06:03,341 - INFO - Emotion and face detection models loaded successfully
2025-08-08 09:06:04,243 - INFO - Dynamic session timeout loaded: 900 seconds
2025-08-08 09:06:04,298 - WARNING -  * Debugger is active!
2025-08-08 09:06:04,307 - INFO -  * Debugger PIN: 132-663-522
2025-08-08 09:06:04,754 - INFO - 127.0.0.1 - - [08/Aug/2025 09:06:04] "GET /api/auth/session-status HTTP/1.1" 200 -
2025-08-08 09:06:32,806 - INFO - 127.0.0.1 - - [08/Aug/2025 09:06:32] "GET /api/auth/session-status HTTP/1.1" 200 -
2025-08-08 09:07:03,113 - INFO - 127.0.0.1 - - [08/Aug/2025 09:07:03] "GET /api/auth/session-status HTTP/1.1" 200 -
2025-08-08 09:08:04,125 - INFO - 127.0.0.1 - - [08/Aug/2025 09:08:04] "GET /api/auth/session-status HTTP/1.1" 200 -
2025-08-08 09:09:03,858 - INFO - 127.0.0.1 - - [08/Aug/2025 09:09:03] "GET /api/auth/session-status HTTP/1.1" 200 -
2025-08-08 09:10:04,121 - INFO - 127.0.0.1 - - [08/Aug/2025 09:10:04] "GET /api/auth/session-status HTTP/1.1" 200 -
2025-08-08 09:11:03,806 - INFO - 127.0.0.1 - - [08/Aug/2025 09:11:03] "GET /api/auth/session-status HTTP/1.1" 200 -
2025-08-08 09:12:04,116 - INFO - 127.0.0.1 - - [08/Aug/2025 09:12:04] "GET /api/auth/session-status HTTP/1.1" 200 -
2025-08-08 09:12:58,804 - INFO - 127.0.0.1 - - [08/Aug/2025 09:12:58] "GET /api/auth/session-status HTTP/1.1" 200 -
2025-08-08 09:13:03,133 - INFO - 127.0.0.1 - - [08/Aug/2025 09:13:03] "GET /api/auth/session-status HTTP/1.1" 200 -
2025-08-08 09:13:32,812 - INFO - 127.0.0.1 - - [08/Aug/2025 09:13:32] "GET /api/auth/session-status HTTP/1.1" 200 -
2025-08-08 09:14:04,117 - INFO - 127.0.0.1 - - [08/Aug/2025 09:14:04] "GET /api/auth/session-status HTTP/1.1" 200 -
2025-08-08 09:15:03,802 - INFO - 127.0.0.1 - - [08/Aug/2025 09:15:03] "GET /api/auth/session-status HTTP/1.1" 200 -
2025-08-08 09:16:04,122 - INFO - 127.0.0.1 - - [08/Aug/2025 09:16:04] "GET /api/auth/session-status HTTP/1.1" 200 -
2025-08-08 09:17:03,805 - INFO - 127.0.0.1 - - [08/Aug/2025 09:17:03] "GET /api/auth/session-status HTTP/1.1" 200 -
2025-08-08 09:18:04,113 - INFO - 127.0.0.1 - - [08/Aug/2025 09:18:04] "GET /api/auth/session-status HTTP/1.1" 200 -
2025-08-08 09:19:03,806 - INFO - 127.0.0.1 - - [08/Aug/2025 09:19:03] "[31m[1mGET /api/auth/session-status HTTP/1.1[0m" 401 -
2025-08-08 09:26:56,445 - INFO - 127.0.0.1 - - [08/Aug/2025 09:26:56] "OPTIONS /api/auth/login HTTP/1.1" 200 -
2025-08-08 09:26:57,101 - INFO - Dynamic session timeout loaded: 900 seconds
2025-08-08 09:26:57,103 - INFO - 127.0.0.1 - - [08/Aug/2025 09:26:57] "POST /api/auth/login HTTP/1.1" 200 -
2025-08-08 09:26:57,173 - INFO - 127.0.0.1 - - [08/Aug/2025 09:26:57] "GET /api/admin/dashboard-stats?timeframe=7d HTTP/1.1" 200 -
2025-08-08 09:26:57,530 - INFO - 127.0.0.1 - - [08/Aug/2025 09:26:57] "GET /api/admin/dashboard-stats?timeframe=7d HTTP/1.1" 200 -
2025-08-08 09:27:01,815 - INFO - 127.0.0.1 - - [08/Aug/2025 09:27:01] "GET /api/admin/soldiers-report?risk_level=all&days=7&page=1&per_page=20 HTTP/1.1" 200 -
2025-08-08 09:27:02,167 - INFO - 127.0.0.1 - - [08/Aug/2025 09:27:02] "GET /api/admin/soldiers-report?risk_level=all&days=7&page=1&per_page=20 HTTP/1.1" 200 -
2025-08-08 09:27:02,177 - INFO - 127.0.0.1 - - [08/Aug/2025 09:27:02] "GET /api/admin/soldiers-report?risk_level=all&days=7&page=1&per_page=10000 HTTP/1.1" 200 -
2025-08-08 09:27:02,435 - INFO - 127.0.0.1 - - [08/Aug/2025 09:27:02] "GET /api/admin/soldiers-report?risk_level=all&days=7&page=1&per_page=10000 HTTP/1.1" 200 -
2025-08-08 09:27:08,329 - INFO - 127.0.0.1 - - [08/Aug/2025 09:27:08] "GET /api/admin/questionnaires HTTP/1.1" 200 -
2025-08-08 09:27:08,678 - INFO - 127.0.0.1 - - [08/Aug/2025 09:27:08] "GET /api/admin/questionnaires HTTP/1.1" 200 -
2025-08-08 09:27:23,597 - INFO - 127.0.0.1 - - [08/Aug/2025 09:27:23] "GET /api/admin/questionnaires/8 HTTP/1.1" 200 -
2025-08-08 09:27:27,436 - INFO - 127.0.0.1 - - [08/Aug/2025 09:27:27] "GET /api/auth/session-status HTTP/1.1" 200 -
2025-08-08 09:27:57,117 - INFO - 127.0.0.1 - - [08/Aug/2025 09:27:57] "GET /api/auth/session-status HTTP/1.1" 200 -
2025-08-08 09:27:58,459 - INFO - 127.0.0.1 - - [08/Aug/2025 09:27:58] "GET /api/monitor/face-model/soldiers HTTP/1.1" 200 -
2025-08-08 09:27:58,726 - INFO - 127.0.0.1 - - [08/Aug/2025 09:27:58] "GET /api/monitor/face-model/soldiers HTTP/1.1" 200 -
2025-08-08 09:27:58,798 - ERROR - Error fetching soldiers: 1054 (42S22): Unknown column 'u.name' in 'field list'
2025-08-08 09:27:58,800 - INFO - 127.0.0.1 - - [08/Aug/2025 09:27:58] "[35m[1mGET /api/admin/soldiers HTTP/1.1[0m" 500 -
2025-08-08 09:27:58,830 - ERROR - Error fetching soldiers: 1054 (42S22): Unknown column 'u.name' in 'field list'
2025-08-08 09:27:58,832 - INFO - 127.0.0.1 - - [08/Aug/2025 09:27:58] "[35m[1mGET /api/admin/soldiers HTTP/1.1[0m" 500 -
2025-08-08 09:27:59,124 - INFO - Model loaded successfully - 0 soldiers
2025-08-08 09:27:59,127 - INFO - Model loaded successfully - 0 soldiers
2025-08-08 09:27:59,129 - INFO - Model loaded successfully - 0 soldiers
2025-08-08 09:27:59,177 - INFO - 127.0.0.1 - - [08/Aug/2025 09:27:59] "GET /api/monitor/face-model/status HTTP/1.1" 200 -
2025-08-08 09:27:59,498 - INFO - Model loaded successfully - 0 soldiers
2025-08-08 09:27:59,501 - INFO - Model loaded successfully - 0 soldiers
2025-08-08 09:27:59,503 - INFO - Model loaded successfully - 0 soldiers
2025-08-08 09:27:59,552 - INFO - 127.0.0.1 - - [08/Aug/2025 09:27:59] "GET /api/monitor/face-model/status HTTP/1.1" 200 -
2025-08-08 09:42:39,020 - INFO - 127.0.0.1 - - [08/Aug/2025 09:42:39] "OPTIONS /api/auth/login HTTP/1.1" 200 -
2025-08-08 09:42:39,686 - INFO - Dynamic session timeout loaded: 900 seconds
2025-08-08 09:42:39,688 - INFO - 127.0.0.1 - - [08/Aug/2025 09:42:39] "POST /api/auth/login HTTP/1.1" 200 -
2025-08-08 09:42:39,754 - INFO - 127.0.0.1 - - [08/Aug/2025 09:42:39] "GET /api/admin/dashboard-stats?timeframe=7d HTTP/1.1" 200 -
2025-08-08 09:42:40,086 - INFO - 127.0.0.1 - - [08/Aug/2025 09:42:40] "GET /api/admin/dashboard-stats?timeframe=7d HTTP/1.1" 200 -
2025-08-08 09:43:06,270 - INFO - 127.0.0.1 - - [08/Aug/2025 09:43:06] "OPTIONS /api/image/capture HTTP/1.1" 200 -
2025-08-08 09:43:10,022 - INFO - 127.0.0.1 - - [08/Aug/2025 09:43:10] "GET /api/auth/session-status HTTP/1.1" 200 -
2025-08-08 09:43:40,019 - INFO - 127.0.0.1 - - [08/Aug/2025 09:43:40] "GET /api/auth/session-status HTTP/1.1" 200 -
2025-08-08 09:44:10,010 - INFO - 127.0.0.1 - - [08/Aug/2025 09:44:10] "GET /api/auth/session-status HTTP/1.1" 200 -
2025-08-08 09:44:40,968 - INFO - 127.0.0.1 - - [08/Aug/2025 09:44:40] "GET /api/auth/session-status HTTP/1.1" 200 -
2025-08-08 09:45:10,975 - INFO - 127.0.0.1 - - [08/Aug/2025 09:45:10] "GET /api/auth/session-status HTTP/1.1" 200 -
2025-08-08 09:45:40,977 - INFO - 127.0.0.1 - - [08/Aug/2025 09:45:40] "GET /api/auth/session-status HTTP/1.1" 200 -
2025-08-08 09:45:42,565 - INFO - 127.0.0.1 - - [08/Aug/2025 09:45:42] "POST /api/image/capture HTTP/1.1" 200 -
2025-08-08 09:45:50,303 - INFO - 127.0.0.1 - - [08/Aug/2025 09:45:50] "OPTIONS /api/admin/add-soldier HTTP/1.1" 200 -
2025-08-08 09:45:50,914 - INFO - 127.0.0.1 - - [08/Aug/2025 09:45:50] "[35m[1mPOST /api/admin/add-soldier HTTP/1.1[0m" 201 -
2025-08-08 09:46:09,710 - INFO - 127.0.0.1 - - [08/Aug/2025 09:46:09] "GET /api/auth/session-status HTTP/1.1" 200 -
2025-08-08 09:46:15,532 - INFO - 127.0.0.1 - - [08/Aug/2025 09:46:15] "OPTIONS /api/image/train HTTP/1.1" 200 -
2025-08-08 09:46:15,883 - INFO - Starting training for 1 soldiers: ['100000001']
2025-08-08 09:46:15,883 - INFO - Processing soldier 100000001...
2025-08-08 09:46:16,817 - INFO - Processed image 100000001_Look_straight_at_camera_0.jpg for soldier 100000001
2025-08-08 09:46:17,661 - INFO - Processed image 100000001_Look_straight_at_camera_1.jpg for soldier 100000001
2025-08-08 09:46:18,486 - INFO - Processed image 100000001_Look_straight_at_camera_2.jpg for soldier 100000001
2025-08-08 09:46:19,274 - INFO - Processed image 100000001_Look_straight_at_camera_3.jpg for soldier 100000001
2025-08-08 09:46:20,103 - INFO - Processed image 100000001_Look_straight_at_camera_4.jpg for soldier 100000001
2025-08-08 09:46:20,893 - INFO - Processed image 100000001_Smile_0.jpg for soldier 100000001
2025-08-08 09:46:21,782 - INFO - Processed image 100000001_Smile_1.jpg for soldier 100000001
2025-08-08 09:46:22,721 - INFO - Processed image 100000001_Smile_2.jpg for soldier 100000001
2025-08-08 09:46:23,663 - INFO - Processed image 100000001_Smile_3.jpg for soldier 100000001
2025-08-08 09:46:24,437 - INFO - Processed image 100000001_Smile_4.jpg for soldier 100000001
2025-08-08 09:46:25,357 - INFO - Processed image 100000001_Stand_a_little_away_0.jpg for soldier 100000001
2025-08-08 09:46:26,217 - INFO - Processed image 100000001_Stand_a_little_away_1.jpg for soldier 100000001
2025-08-08 09:46:27,138 - INFO - Processed image 100000001_Stand_a_little_away_2.jpg for soldier 100000001
2025-08-08 09:46:27,950 - INFO - Processed image 100000001_Stand_a_little_away_3.jpg for soldier 100000001
2025-08-08 09:46:28,752 - INFO - Processed image 100000001_Stand_a_little_away_4.jpg for soldier 100000001
2025-08-08 09:46:29,682 - INFO - Processed image 100000001_Tilt_your_face_down_0.jpg for soldier 100000001
2025-08-08 09:46:30,474 - INFO - Processed image 100000001_Tilt_your_face_down_1.jpg for soldier 100000001
2025-08-08 09:46:31,605 - INFO - Processed image 100000001_Tilt_your_face_down_2.jpg for soldier 100000001
2025-08-08 09:46:32,477 - INFO - Processed image 100000001_Tilt_your_face_down_3.jpg for soldier 100000001
2025-08-08 09:46:33,408 - INFO - Processed image 100000001_Tilt_your_face_down_4.jpg for soldier 100000001
2025-08-08 09:46:34,406 - INFO - Processed image 100000001_Turn_your_face_left_0.jpg for soldier 100000001
2025-08-08 09:46:35,293 - INFO - Processed image 100000001_Turn_your_face_left_1.jpg for soldier 100000001
2025-08-08 09:46:36,125 - INFO - Processed image 100000001_Turn_your_face_left_2.jpg for soldier 100000001
2025-08-08 09:46:36,992 - INFO - Processed image 100000001_Turn_your_face_left_3.jpg for soldier 100000001
2025-08-08 09:46:38,182 - INFO - Processed image 100000001_Turn_your_face_left_4.jpg for soldier 100000001
2025-08-08 09:46:39,226 - INFO - Processed image 100000001_Turn_your_face_right_0.jpg for soldier 100000001
2025-08-08 09:46:40,100 - INFO - Processed image 100000001_Turn_your_face_right_1.jpg for soldier 100000001
2025-08-08 09:46:40,103 - INFO - 127.0.0.1 - - [08/Aug/2025 09:46:40] "GET /api/auth/session-status HTTP/1.1" 200 -
2025-08-08 09:46:41,093 - INFO - Processed image 100000001_Turn_your_face_right_2.jpg for soldier 100000001
2025-08-08 09:46:42,091 - INFO - Processed image 100000001_Turn_your_face_right_3.jpg for soldier 100000001
2025-08-08 09:46:43,020 - INFO - Processed image 100000001_Turn_your_face_right_4.jpg for soldier 100000001
2025-08-08 09:46:43,049 - INFO - Saved profile picture for soldier 100000001
2025-08-08 09:46:43,050 - INFO - Archived training images for soldier 100000001 to storage\processed\100000001_20250808_094643
2025-08-08 09:46:43,050 - INFO - Successfully processed 30 images for soldier 100000001
2025-08-08 09:46:43,050 - INFO - Successfully processed soldier 100000001
2025-08-08 09:46:43,050 - INFO - Adding 1 soldiers to model...
2025-08-08 09:46:43,051 - INFO - Model loaded successfully - 0 soldiers
2025-08-08 09:46:43,058 - INFO - Model backed up to: storage\models\backups\face_model_backup_pre_20250808_094643.pkl
2025-08-08 09:46:43,074 - INFO - Model saved atomically - Version: 20250808_094643, Soldiers: 1
2025-08-08 09:46:43,093 - INFO - Marked 1 soldiers as trained with version 20250808_094615
2025-08-08 09:46:43,094 - INFO - Training completed successfully for 1 soldiers
2025-08-08 09:46:43,109 - INFO - Model loaded successfully - 1 soldiers
2025-08-08 09:46:43,110 - INFO - 127.0.0.1 - - [08/Aug/2025 09:46:43] "POST /api/image/train HTTP/1.1" 200 -
2025-08-08 09:46:50,755 - INFO - 127.0.0.1 - - [08/Aug/2025 09:46:50] "GET /api/admin/soldiers-report?risk_level=all&days=7&page=1&per_page=20 HTTP/1.1" 200 -
2025-08-08 09:46:51,041 - INFO - 127.0.0.1 - - [08/Aug/2025 09:46:51] "GET /api/admin/soldiers-report?risk_level=all&days=7&page=1&per_page=20 HTTP/1.1" 200 -
2025-08-08 09:46:51,153 - INFO - 127.0.0.1 - - [08/Aug/2025 09:46:51] "GET /api/admin/soldiers-report?risk_level=all&days=7&page=1&per_page=10000 HTTP/1.1" 200 -
2025-08-08 09:46:51,260 - INFO - 127.0.0.1 - - [08/Aug/2025 09:46:51] "GET /api/admin/soldiers-report?risk_level=all&days=7&page=1&per_page=10000 HTTP/1.1" 200 -
2025-08-08 09:46:58,324 - INFO - 127.0.0.1 - - [08/Aug/2025 09:46:58] "GET /api/monitor/face-model/soldiers HTTP/1.1" 200 -
2025-08-08 09:46:58,616 - INFO - 127.0.0.1 - - [08/Aug/2025 09:46:58] "GET /api/monitor/face-model/soldiers HTTP/1.1" 200 -
2025-08-08 09:46:58,677 - ERROR - Error fetching soldiers: 1054 (42S22): Unknown column 'u.name' in 'field list'
2025-08-08 09:46:58,678 - INFO - 127.0.0.1 - - [08/Aug/2025 09:46:58] "[35m[1mGET /api/admin/soldiers HTTP/1.1[0m" 500 -
2025-08-08 09:46:58,699 - ERROR - Error fetching soldiers: 1054 (42S22): Unknown column 'u.name' in 'field list'
2025-08-08 09:46:58,700 - INFO - 127.0.0.1 - - [08/Aug/2025 09:46:58] "[35m[1mGET /api/admin/soldiers HTTP/1.1[0m" 500 -
2025-08-08 09:46:58,996 - INFO - Model loaded successfully - 1 soldiers
2025-08-08 09:46:58,999 - INFO - Model loaded successfully - 1 soldiers
2025-08-08 09:46:59,001 - INFO - Model loaded successfully - 1 soldiers
2025-08-08 09:46:59,049 - INFO - 127.0.0.1 - - [08/Aug/2025 09:46:59] "GET /api/monitor/face-model/status HTTP/1.1" 200 -
2025-08-08 09:46:59,367 - INFO - Model loaded successfully - 1 soldiers
2025-08-08 09:46:59,371 - INFO - Model loaded successfully - 1 soldiers
2025-08-08 09:46:59,373 - INFO - Model loaded successfully - 1 soldiers
2025-08-08 09:46:59,416 - INFO - 127.0.0.1 - - [08/Aug/2025 09:46:59] "GET /api/monitor/face-model/status HTTP/1.1" 200 -
2025-08-08 09:47:01,187 - INFO - Refreshing face recognition model...
2025-08-08 09:47:01,193 - INFO - Model loaded successfully - 1 soldiers
2025-08-08 09:47:01,194 - INFO - Model refreshed (auto) - Soldiers: 0 -> 1
2025-08-08 09:47:10,024 - INFO - 127.0.0.1 - - [08/Aug/2025 09:47:10] "GET /api/auth/session-status HTTP/1.1" 200 -
2025-08-08 09:47:13,575 - INFO - 127.0.0.1 - - [08/Aug/2025 09:47:13] "GET /api/admin/soldiers-report?risk_level=all&days=7&page=1&per_page=20 HTTP/1.1" 200 -
2025-08-08 09:47:13,939 - INFO - 127.0.0.1 - - [08/Aug/2025 09:47:13] "GET /api/admin/soldiers-report?risk_level=all&days=7&page=1&per_page=20 HTTP/1.1" 200 -
2025-08-08 09:47:13,956 - INFO - 127.0.0.1 - - [08/Aug/2025 09:47:13] "GET /api/admin/soldiers-report?risk_level=all&days=7&page=1&per_page=10000 HTTP/1.1" 200 -
2025-08-08 09:47:14,235 - INFO - 127.0.0.1 - - [08/Aug/2025 09:47:14] "GET /api/admin/soldiers-report?risk_level=all&days=7&page=1&per_page=10000 HTTP/1.1" 200 -
2025-08-08 09:47:18,752 - INFO - 127.0.0.1 - - [08/Aug/2025 09:47:18] "GET /api/monitor/face-model/soldiers HTTP/1.1" 200 -
2025-08-08 09:47:19,071 - INFO - 127.0.0.1 - - [08/Aug/2025 09:47:19] "GET /api/monitor/face-model/soldiers HTTP/1.1" 200 -
2025-08-08 09:47:19,099 - ERROR - Error fetching soldiers: 1054 (42S22): Unknown column 'u.name' in 'field list'
2025-08-08 09:47:19,101 - INFO - 127.0.0.1 - - [08/Aug/2025 09:47:19] "[35m[1mGET /api/admin/soldiers HTTP/1.1[0m" 500 -
2025-08-08 09:47:19,355 - ERROR - Error fetching soldiers: 1054 (42S22): Unknown column 'u.name' in 'field list'
2025-08-08 09:47:19,357 - INFO - 127.0.0.1 - - [08/Aug/2025 09:47:19] "[35m[1mGET /api/admin/soldiers HTTP/1.1[0m" 500 -
2025-08-08 09:47:19,417 - INFO - Model loaded successfully - 1 soldiers
2025-08-08 09:47:19,421 - INFO - Model loaded successfully - 1 soldiers
2025-08-08 09:47:19,424 - INFO - Model loaded successfully - 1 soldiers
2025-08-08 09:47:19,469 - INFO - 127.0.0.1 - - [08/Aug/2025 09:47:19] "GET /api/monitor/face-model/status HTTP/1.1" 200 -
2025-08-08 09:47:19,480 - INFO - Model loaded successfully - 1 soldiers
2025-08-08 09:47:19,484 - INFO - Model loaded successfully - 1 soldiers
2025-08-08 09:47:19,486 - INFO - Model loaded successfully - 1 soldiers
2025-08-08 09:47:19,535 - INFO - 127.0.0.1 - - [08/Aug/2025 09:47:19] "GET /api/monitor/face-model/status HTTP/1.1" 200 -
2025-08-08 09:47:27,352 - INFO - 127.0.0.1 - - [08/Aug/2025 09:47:27] "GET /api/admin/soldiers-report?risk_level=all&days=7&page=1&per_page=20 HTTP/1.1" 200 -
2025-08-08 09:47:27,759 - INFO - 127.0.0.1 - - [08/Aug/2025 09:47:27] "GET /api/admin/soldiers-report?risk_level=all&days=7&page=1&per_page=20 HTTP/1.1" 200 -
2025-08-08 09:47:27,769 - INFO - 127.0.0.1 - - [08/Aug/2025 09:47:27] "GET /api/admin/soldiers-report?risk_level=all&days=7&page=1&per_page=10000 HTTP/1.1" 200 -
2025-08-08 09:47:27,967 - INFO - 127.0.0.1 - - [08/Aug/2025 09:47:27] "GET /api/admin/soldiers-report?risk_level=all&days=7&page=1&per_page=10000 HTTP/1.1" 200 -
2025-08-08 09:47:32,313 - INFO - 127.0.0.1 - - [08/Aug/2025 09:47:32] "GET /api/monitor/face-model/soldiers HTTP/1.1" 200 -
2025-08-08 09:47:32,580 - INFO - 127.0.0.1 - - [08/Aug/2025 09:47:32] "GET /api/monitor/face-model/soldiers HTTP/1.1" 200 -
2025-08-08 09:47:32,644 - ERROR - Error fetching soldiers: 1054 (42S22): Unknown column 'u.name' in 'field list'
2025-08-08 09:47:32,645 - INFO - 127.0.0.1 - - [08/Aug/2025 09:47:32] "[35m[1mGET /api/admin/soldiers HTTP/1.1[0m" 500 -
2025-08-08 09:47:32,663 - ERROR - Error fetching soldiers: 1054 (42S22): Unknown column 'u.name' in 'field list'
2025-08-08 09:47:32,664 - INFO - 127.0.0.1 - - [08/Aug/2025 09:47:32] "[35m[1mGET /api/admin/soldiers HTTP/1.1[0m" 500 -
2025-08-08 09:47:32,960 - INFO - Model loaded successfully - 1 soldiers
2025-08-08 09:47:32,963 - INFO - Model loaded successfully - 1 soldiers
2025-08-08 09:47:32,965 - INFO - Model loaded successfully - 1 soldiers
2025-08-08 09:47:33,010 - INFO - 127.0.0.1 - - [08/Aug/2025 09:47:33] "GET /api/monitor/face-model/status HTTP/1.1" 200 -
2025-08-08 09:47:33,334 - INFO - Model loaded successfully - 1 soldiers
2025-08-08 09:47:33,337 - INFO - Model loaded successfully - 1 soldiers
2025-08-08 09:47:33,339 - INFO - Model loaded successfully - 1 soldiers
2025-08-08 09:47:33,381 - INFO - 127.0.0.1 - - [08/Aug/2025 09:47:33] "GET /api/monitor/face-model/status HTTP/1.1" 200 -
2025-08-08 09:47:40,670 - INFO - 127.0.0.1 - - [08/Aug/2025 09:47:40] "GET /api/auth/session-status HTTP/1.1" 200 -
2025-08-08 09:47:41,895 - INFO - Refreshing face recognition model...
2025-08-08 09:47:41,897 - INFO - Model loaded successfully - 1 soldiers
2025-08-08 09:47:41,898 - INFO - Model refreshed (auto) - Soldiers: 0 -> 1
2025-08-08 09:48:09,438 - INFO - 127.0.0.1 - - [08/Aug/2025 09:48:09] "OPTIONS /api/auth/login HTTP/1.1" 200 -
2025-08-08 09:48:10,069 - INFO - 127.0.0.1 - - [08/Aug/2025 09:48:10] "[31m[1mPOST /api/auth/login HTTP/1.1[0m" 403 -
2025-08-08 09:48:16,107 - INFO - 127.0.0.1 - - [08/Aug/2025 09:48:16] "OPTIONS /api/auth/login HTTP/1.1" 200 -
2025-08-08 09:48:16,551 - INFO - Dynamic session timeout loaded: 900 seconds
2025-08-08 09:48:16,553 - INFO - 127.0.0.1 - - [08/Aug/2025 09:48:16] "POST /api/auth/login HTTP/1.1" 200 -
2025-08-08 09:48:16,930 - INFO - 127.0.0.1 - - [08/Aug/2025 09:48:16] "GET /api/admin/dashboard-stats?timeframe=7d HTTP/1.1" 200 -
2025-08-08 09:48:17,184 - INFO - 127.0.0.1 - - [08/Aug/2025 09:48:17] "GET /api/admin/dashboard-stats?timeframe=7d HTTP/1.1" 200 -
2025-08-08 09:48:26,028 - INFO - 127.0.0.1 - - [08/Aug/2025 09:48:26] "GET /api/monitor/face-model/soldiers HTTP/1.1" 200 -
2025-08-08 09:48:26,352 - INFO - 127.0.0.1 - - [08/Aug/2025 09:48:26] "GET /api/monitor/face-model/soldiers HTTP/1.1" 200 -
2025-08-08 09:48:26,378 - ERROR - Error fetching soldiers: 1054 (42S22): Unknown column 'u.name' in 'field list'
2025-08-08 09:48:26,380 - INFO - 127.0.0.1 - - [08/Aug/2025 09:48:26] "[35m[1mGET /api/admin/soldiers HTTP/1.1[0m" 500 -
2025-08-08 09:48:26,621 - ERROR - Error fetching soldiers: 1054 (42S22): Unknown column 'u.name' in 'field list'
2025-08-08 09:48:26,622 - INFO - 127.0.0.1 - - [08/Aug/2025 09:48:26] "[35m[1mGET /api/admin/soldiers HTTP/1.1[0m" 500 -
2025-08-08 09:48:26,698 - INFO - Model loaded successfully - 1 soldiers
2025-08-08 09:48:26,701 - INFO - Model loaded successfully - 1 soldiers
2025-08-08 09:48:26,703 - INFO - Model loaded successfully - 1 soldiers
2025-08-08 09:48:26,747 - INFO - 127.0.0.1 - - [08/Aug/2025 09:48:26] "GET /api/monitor/face-model/status HTTP/1.1" 200 -
2025-08-08 09:48:26,756 - INFO - Model loaded successfully - 1 soldiers
2025-08-08 09:48:26,760 - INFO - Model loaded successfully - 1 soldiers
2025-08-08 09:48:26,762 - INFO - Model loaded successfully - 1 soldiers
2025-08-08 09:48:26,805 - INFO - 127.0.0.1 - - [08/Aug/2025 09:48:26] "GET /api/monitor/face-model/status HTTP/1.1" 200 -
2025-08-08 09:48:27,092 - INFO - Model loaded successfully - 1 soldiers
2025-08-08 09:48:27,094 - INFO - 127.0.0.1 - - [08/Aug/2025 09:48:27] "GET /api/image/soldier-training-status/100000001 HTTP/1.1" 200 -
2025-08-08 09:48:27,426 - INFO - Model loaded successfully - 1 soldiers
2025-08-08 09:48:27,426 - INFO - 127.0.0.1 - - [08/Aug/2025 09:48:27] "GET /api/image/soldier-training-status/100000001 HTTP/1.1" 200 -
2025-08-08 09:48:39,450 - INFO - 127.0.0.1 - - [08/Aug/2025 09:48:39] "POST /api/auth/logout HTTP/1.1" 200 -
2025-08-08 09:48:46,141 - INFO - 127.0.0.1 - - [08/Aug/2025 09:48:46] "OPTIONS /api/image/start-survey-monitoring HTTP/1.1" 200 -
2025-08-08 09:48:46,471 - INFO - Trying external webcam (index 1)...
2025-08-08 09:48:46,904 - INFO - Successfully connected to external webcam
2025-08-08 09:48:46,961 - INFO - Camera configured: 640x480, detection_interval=30
2025-08-08 09:48:46,962 - INFO - Starting continuous survey frame processing for soldier 100000001
2025-08-08 09:48:46,963 - INFO - Started survey emotion monitoring for soldier 100000001
2025-08-08 09:48:46,964 - INFO - 127.0.0.1 - - [08/Aug/2025 09:48:46] "POST /api/image/start-survey-monitoring HTTP/1.1" 200 -
2025-08-08 09:48:46,978 - INFO - Using detection interval: 30 frames
2025-08-08 09:48:46,988 - INFO - 127.0.0.1 - - [08/Aug/2025 09:48:46] "GET /api/survey/active-questionnaire HTTP/1.1" 200 -
2025-08-08 09:49:24,701 - INFO - 127.0.0.1 - - [08/Aug/2025 09:49:24] "OPTIONS /api/admin/translate-answer HTTP/1.1" 200 -
2025-08-08 09:49:25,623 - DEBUG - HPACK encoding <generator object _check_path_header.<locals>.inner at 0x000001DFD58940B0>
2025-08-08 09:49:25,624 - DEBUG - Adding (b':method', b'POST') to the header table
2025-08-08 09:49:25,624 - DEBUG - Encoding 3 with 7 bits
2025-08-08 09:49:25,624 - DEBUG - Adding (b':authority', b'translate.google.com') to the header table
2025-08-08 09:49:25,624 - DEBUG - Encoding 1 with 6 bits
2025-08-08 09:49:25,625 - DEBUG - Encoding 14 with 7 bits
2025-08-08 09:49:25,625 - DEBUG - Adding (b':scheme', b'https') to the header table
2025-08-08 09:49:25,625 - DEBUG - Encoding 7 with 7 bits
2025-08-08 09:49:25,625 - DEBUG - Adding (b':path', b'/_/TranslateWebserverUi/data/batchexecute?rpcids=MkEWBc&bl=boq_translate-webserver_20201207.13_p0&soc-app=1&soc-platform=1&soc-device=1&rt=c') to the header table
2025-08-08 09:49:25,625 - DEBUG - Encoding 4 with 6 bits
2025-08-08 09:49:25,626 - DEBUG - Encoding 101 with 7 bits
2025-08-08 09:49:25,626 - DEBUG - Adding (b'accept', b'*/*') to the header table
2025-08-08 09:49:25,626 - DEBUG - Encoding 19 with 6 bits
2025-08-08 09:49:25,626 - DEBUG - Encoding 3 with 7 bits
2025-08-08 09:49:25,627 - DEBUG - Adding (b'accept-encoding', b'gzip, deflate') to the header table
2025-08-08 09:49:25,627 - DEBUG - Encoding 16 with 7 bits
2025-08-08 09:49:25,627 - DEBUG - Adding (b'user-agent', b'Mozilla/5.0 (Windows NT 10.0; Win64; x64)') to the header table
2025-08-08 09:49:25,627 - DEBUG - Encoding 58 with 6 bits
2025-08-08 09:49:25,627 - DEBUG - Encoding 32 with 7 bits
2025-08-08 09:49:25,627 - DEBUG - Adding (b'referer', b'https://translate.google.com') to the header table
2025-08-08 09:49:25,628 - DEBUG - Encoding 51 with 6 bits
2025-08-08 09:49:25,628 - DEBUG - Encoding 20 with 7 bits
2025-08-08 09:49:25,628 - DEBUG - Adding (b'content-length', b'196') to the header table
2025-08-08 09:49:25,628 - DEBUG - Encoding 28 with 6 bits
2025-08-08 09:49:25,628 - DEBUG - Encoding 3 with 7 bits
2025-08-08 09:49:25,628 - DEBUG - Adding (b'content-type', b'application/x-www-form-urlencoded') to the header table
2025-08-08 09:49:25,629 - DEBUG - Encoding 31 with 6 bits
2025-08-08 09:49:25,629 - DEBUG - Encoding 24 with 7 bits
2025-08-08 09:49:25,630 - DEBUG - Encoded header block to b"\x83A\x8eM\x83\xa9\x14\r%^c\x9ej\n\xb9\x0fO\x87D\xe5b&7\xd8:\x91@\xd2^E\x8d\x05\xb3\xb9l\xe0f$\x1aF\xc4cI'/\x92\x92\xd4\x97\xfc\xb2\xb2\x1aDA\xa3\xae\x0eWI\xf1\x1d\x10F~\xd1&\xc1\xd4\x8a\x06\x92\xad\xe0\xb1\xa0\xb6w-\x91\x08\x02\x00D\x07W\x0b1V\x0f\x84\x1c\x8b\x0e\xba\xe0\x0f\xc2\x0eE\xab\xa0i\x94\xf6S\x00~\x10r-!{\x98\x85\x80?\x16&\x02\x7fS\x83\xf9c\xe7\x90z\xa0\xd0\x7ff\xa2\x81\xb0\xda\xe0S\xfa\xe4j\xa4?\x84)\xa7z\x81\x02\xe0\xfbS\x91\xaaq\xaf\xb5<\xb8\xd7\xf7s\x94\x9d)\xad\x17\x18a6\x0e\xa4P4\x95y\x8ey\xa8*\xe4=?\\\x83\x0b\xee\x7f_\x98\x1du\xd0b\r&=Ly[\xc7\x8f\x0bJ{)Z\xdb(-D<\x85\x93"
2025-08-08 09:49:26,826 - DEBUG - Decoding b'\x88_\x96\x1du\xd0b\r&=LtA\xea\xfbP\x93\x8e\xc4\x150Z\x99V{X\xa1\xa8\xeb\x10d\x9c\xbfJTu\x90\x93\xd8_\xa5)\x1f\x95\x871`\x07\xd2\x94\xda\x84\xada{\x8e\x83H4\x97@\x85\xae\xc1\xcdH\xff\x86\xa8\xeb\x10d\x9c\xbfd\x96\xd0z\xbe\x94\x00T\xca:\x94\x0b\xef\x81@\x02\xe0\x01p\x00S\x16\x8d\xff\x0f\x12\x96\xc3a\xbe\x94\x03\xcaCl\xca\x08\x02m@5p/\xdc\x13\xaab\xd1\xbfY\xb2\x1aR2OIjO\xda\x92\x9a\x82\xd4:K\x07\xf3aQY\xeaAW\x8c\xd5\x7f?jJj\x0bP\xe9/\xcc\x1c7\xe1Y\xef\xf5\xfe\xac*+=H*\xf1\x9a\xaf@\x90\xf2\xb1\x0fRKRVO\xaa\xca\xb1\xebI\x8fR?\x85\xa8\xe8\xa8\xd2\xcb@\x03p3p\xaf\xbd\xae\x0f\xe7|\xe6B\x86B\x95\x1d*\rMl\xebR\xb3\xd0bz\xfe\x14\xdcR\xa92\xe4;\x15\xb3\\\xe5\xa2\xb5%=\x8aR{\n\xa1\xaa\x94\xeb\xff?@\x90!\xeaIjJ\xc8)-\xb0\xc9\xf4\xb5g\xa0\xc4\xf5\xba\xb0\xbd\xad5\x85Y6Z\x84\x96E\x93\xea\xb2\xa1iOb\x9f\xe9\x04\xb0\xd5\xa7\xfd}\xd8Z\xcfbV\xb6\xc3(\xc4Lo\xb0u"\x81\xa4\xbc\x8b\x1a\x0bgr\xd9\xc0\xcc\x11\x15\xd8Z\xcfb\x7f@\x86\x19\x08Z\xd2\xb1\'\xff\x13\xdcR-{\x1a\xdc!Z\x1b\t?\xd2\x9b\x8aE\xafc[\x84+]2j*\x11\xf4\xa6\xe2\x91k\xd8\xd6\xe1\n\xd8m\xa2\x85\xb8\x96\xc4\x18\xf5})\xb8\xa4Z\xf65\xb8B\xb6\x1bh\xa1n%\xb1\x06=Kg2\x13\xf4\xa6\xe2\x91k\xd8\xd6\xe1\n\xda\x0f!h\xfaSqH\xb5\xeckp\x85nG\xe4\xe3_Jn)\x16\xbd\x8dn\x10\xad\x84\xf6R\xb6\x11\x91\'\xb1\x1fJn)\x16\xbd\x8dn\x10\xad\xae\x81\xa6S\xd9O\xd2\x9b\x8aE\xafc[\x84+k\xa0i\x94\xf6R\xb7\x12\xd8\x83\x1e\xaf@\x94%\x87B\x16=\x86\x98\xd5-aP{l!V\xac\xf4\x18\x9e\xbf\x86@\xe9*\xc82K@\x92%\x87B\x16=\x86\x98\xd5,z\xcbQlZ\xb3\xd0bz\x91@\xe9*\xc7\xb0\xd3\x1a\xa5\x87E\x07\xf0\xb5g\xae\xda\xd1@\x8d\xac\xb6Rd \xc7\xa9\x0bVz\x0cO_\xff\x02$\xebZ5\x87a\'\x83\xe7\xe9BN\xb5\xa3Z3&\xa2\xa1\x10|\xfd(I\xd6\xb4kKm\x14-\xdc\xb6 \xc7\xaa\x0f\x9f\xa5\t:\xd6\x8dim\xa2\x85\xbb\x96\xc4\x18\xf5-A\x90\x98>~\x94$\xebZ5\xa9<\x85\xa2\x0f\x9f\xa5\t:\xd6\x8do\x07\xf0\xe3P|\xfd(I\xd6\xb4kJ{)ZQ\x91\'\xb1\x10|\xfd(I\xd6\xb4kW@\xd3)\xec\xa6\x0f\x9f\xa5\t:\xd6\x8dj\xe8\x1ae=\x94\xad\xdc\xb6 \xc7\xaa\x0f\x9fv\x03ESF@\x8c\xf2\xb7\x94!j\xec:JD\x98\xf5\x7f\x010@\x8b\xf2\xb4\xb6\x0e\x92\xacz\xd2c\xd4\x8f\x89\xdd\x0e\x8c\x1a\xb6\xe4\xc5\x93O\x0f(\xffZ\xd3\x92\xfc\r\x89\xb852\xd7\x1a\x9a\xd4?Z4lv\xbbv\t\xf9\x88,\xb9whs\x1f\x19.\xea@:3\xfbV\xcdOc\xf3\xae\x98\xa6\x95\x17\x92F\x7f/\xbd{\xdc\'\xce\x81i\xeb\xe2\xf9I\xe2\xef\xa6\x9f\xeb9i\xd6\xd6\xfe&\xc5\xc3\x1e)\xde\xd0\x07w\'\x82K\xf9z\xbf<\x9f\x8a\xf7K)\x0b{\xe5\xbbe\xedZ\xc8\xd6o\x1a\xb2\xd5\x954f&\x00\xe3!\xf9\xf1\xef=\xdb\xd9\xb7c\xafcof\x0b\xdez\xde\xc3$8\xa8\xe1\x80\xb7\xae\xbd\xcf\xbe\x06}\xf8\xf4\xee\xb1d\x95\xfb1\xeb[#\xbd\xef\xbf\xde\xedv\xeb\xac\x9fj\x17\xcdf\xb0\xa8\x83p\xd3\xf4\xa0\x1d[\tcX@\x13\x8a\x01\xab\x81~\xe0\x9dS\x16\x8d\xffjV4\xcf\x03\x1fjHzFj\xa0^c\x9ej\n\xb9\x0fO\xda\x98\xd2\x9a\xf5UG\xaf@\x85\x1d\tY\x1d\xc9\xa4\x9d\x98?\x9b\x8d4\xcf\xf3\xf6\xa5#\x80M\xbe \x00\x1fS\xb2\xb0\x9f\x83\xf9\xb8\xd3L\xff?jR8\x04\xdb\xe2\x00\x01R\x83\xa8\xf5\x17{\xad\xdcR-\x84\xa9$\xeb_*\x13\xf4\xa6\xe2\x91l%I\'[A\xe4/\xd2\x9b\x8aE\xb0\x95$\x9dm\xc6I~\xa1!\x0bZV\xc1Q\x0f!\xaa\x9b'
2025-08-08 09:49:26,827 - DEBUG - Decoded 8, consumed 1 bytes
2025-08-08 09:49:26,827 - DEBUG - Decoded (b':status', b'200'), consumed 1
2025-08-08 09:49:26,828 - DEBUG - Decoded 31, consumed 1 bytes
2025-08-08 09:49:26,828 - DEBUG - Decoded 22, consumed 1 bytes
2025-08-08 09:49:26,828 - DEBUG - Decoded (b'content-type', b'application/json; charset=utf-8'), total consumed 24 bytes, indexed True
2025-08-08 09:49:26,829 - DEBUG - Decoded 24, consumed 1 bytes
2025-08-08 09:49:26,829 - DEBUG - Decoded 33, consumed 1 bytes
2025-08-08 09:49:26,829 - DEBUG - Decoded (b'cache-control', b'no-cache, no-store, max-age=0, must-revalidate'), total consumed 35 bytes, indexed True
2025-08-08 09:49:26,829 - DEBUG - Decoded 5, consumed 1 bytes
2025-08-08 09:49:26,830 - DEBUG - Decoded 6, consumed 1 bytes
2025-08-08 09:49:26,830 - DEBUG - Decoded (b'pragma', b'no-cache'), total consumed 14 bytes, indexed True
2025-08-08 09:49:26,830 - DEBUG - Decoded 36, consumed 1 bytes
2025-08-08 09:49:26,830 - DEBUG - Decoded 22, consumed 1 bytes
2025-08-08 09:49:26,831 - DEBUG - Decoded (b'expires', b'Mon, 01 Jan 1990 00:00:00 GMT'), total consumed 24 bytes, indexed True
2025-08-08 09:49:26,831 - DEBUG - Decoded 33, consumed 2 bytes
2025-08-08 09:49:26,831 - DEBUG - Decoded 22, consumed 1 bytes
2025-08-08 09:49:26,831 - DEBUG - Decoded (b'date', b'Fri, 08 Aug 2025 04:19:27 GMT'), total consumed 25 bytes, indexed False
2025-08-08 09:49:26,832 - DEBUG - Decoded 25, consumed 1 bytes
2025-08-08 09:49:26,832 - DEBUG - Decoded 50, consumed 1 bytes
2025-08-08 09:49:26,832 - DEBUG - Decoded (b'content-disposition', b'attachment; filename="response.bin"; filename*=UTF-8\'\'response.bin'), total consumed 52 bytes, indexed True
2025-08-08 09:49:26,832 - DEBUG - Decoded 16, consumed 1 bytes
2025-08-08 09:49:26,833 - DEBUG - Decoded 5, consumed 1 bytes
2025-08-08 09:49:26,833 - DEBUG - Decoded (b'x-content-type-options', b'nosniff'), total consumed 24 bytes, indexed True
2025-08-08 09:49:26,833 - DEBUG - Decoded 3, consumed 1 bytes
2025-08-08 09:49:26,833 - DEBUG - Decoded 47, consumed 1 bytes
2025-08-08 09:49:26,834 - DEBUG - Decoded (<memory at 0x000001DFD50B2580>, b'CP="This is not a P3P policy! See g.co/p3phelp for more info."'), total consumed 53 bytes, indexed True
2025-08-08 09:49:26,834 - DEBUG - Decoded 16, consumed 1 bytes
2025-08-08 09:49:26,834 - DEBUG - Decoded 58, consumed 1 bytes
2025-08-08 09:49:26,834 - DEBUG - Decoded (b'content-security-policy', b"require-trusted-types-for 'script';report-uri /_/TranslateWebserverUi/cspreport"), total consumed 77 bytes, indexed True
2025-08-08 09:49:26,835 - DEBUG - Decoded 6, consumed 1 bytes
2025-08-08 09:49:26,835 - DEBUG - Decoded 146, consumed 2 bytes
2025-08-08 09:49:26,835 - DEBUG - Decoded (b'accept-ch', b'Sec-CH-UA-Arch, Sec-CH-UA-Bitness, Sec-CH-UA-Full-Version, Sec-CH-UA-Full-Version-List, Sec-CH-UA-Model, Sec-CH-UA-WoW64, Sec-CH-UA-Form-Factors, Sec-CH-UA-Platform, Sec-CH-UA-Platform-Version'), total consumed 156 bytes, indexed True
2025-08-08 09:49:26,836 - DEBUG - Decoded 20, consumed 1 bytes
2025-08-08 09:49:26,836 - DEBUG - Decoded 6, consumed 1 bytes
2025-08-08 09:49:26,836 - DEBUG - Decoded (b'cross-origin-resource-policy', b'same-site'), total consumed 29 bytes, indexed True
2025-08-08 09:49:26,837 - DEBUG - Decoded 18, consumed 1 bytes
2025-08-08 09:49:26,837 - DEBUG - Decoded 17, consumed 1 bytes
2025-08-08 09:49:26,837 - DEBUG - Decoded (b'cross-origin-opener-policy', b'same-origin-allow-popups'), total consumed 38 bytes, indexed True
2025-08-08 09:49:26,837 - DEBUG - Decoded 13, consumed 1 bytes
2025-08-08 09:49:26,837 - DEBUG - Decoded 129, consumed 2 bytes
2025-08-08 09:49:26,839 - DEBUG - Decoded (b'permissions-policy', b'ch-ua-arch=*, ch-ua-bitness=*, ch-ua-full-version=*, ch-ua-full-version-list=*, ch-ua-model=*, ch-ua-wow64=*, ch-ua-form-factors=*, ch-ua-platform=*, ch-ua-platform-version=*'), total consumed 146 bytes, indexed True
2025-08-08 09:49:26,839 - DEBUG - Decoded 54, consumed 1 bytes
2025-08-08 09:49:26,839 - DEBUG - Decoded 3, consumed 1 bytes
2025-08-08 09:49:26,840 - DEBUG - Decoded (b'server', <memory at 0x000001DFD50B2640>), total consumed 5 bytes, indexed True
2025-08-08 09:49:26,840 - DEBUG - Decoded 12, consumed 1 bytes
2025-08-08 09:49:26,840 - DEBUG - Decoded 1, consumed 1 bytes
2025-08-08 09:49:26,840 - DEBUG - Decoded (b'x-xss-protection', <memory at 0x000001DFD50B24C0>), total consumed 16 bytes, indexed True
2025-08-08 09:49:26,841 - DEBUG - Decoded 11, consumed 1 bytes
2025-08-08 09:49:26,841 - DEBUG - Decoded 9, consumed 1 bytes
2025-08-08 09:49:26,841 - DEBUG - Decoded (b'x-frame-options', b'SAMEORIGIN'), total consumed 23 bytes, indexed True
2025-08-08 09:49:26,841 - DEBUG - Decoded 55, consumed 2 bytes
2025-08-08 09:49:26,841 - DEBUG - Decoded 217, consumed 2 bytes
2025-08-08 09:49:26,842 - DEBUG - Decoded (b'set-cookie', b'NID=525=O34Vn4OayMMQ7puQ29gc2JJSM6HVdBOs0j3ZnQO8HxPm_gfsCtc3XD8CzAoLs2NkwDecwBy49khemP4TViGUHGh8M07StUteXCpxW9_Cjrm15TfBrCOPc4KwOJnJtlKcE1HcoYVvhBCKSHpQ58K18xkCFdAGlUEeCB8YvE3zwy7P2If9rHP-I7vD9vBpuPpc; expires=Sat, 07-Feb-2026 04:19:27 GMT; path=/; domain=.google.com; HttpOnly'), total consumed 221 bytes, indexed False
2025-08-08 09:49:26,843 - DEBUG - Decoded 5, consumed 1 bytes
2025-08-08 09:49:26,843 - DEBUG - Decoded 36, consumed 1 bytes
2025-08-08 09:49:26,843 - DEBUG - Decoded (b'alt-svc', b'h3=":443"; ma=2592000,h3-29=":443"; ma=2592000'), total consumed 44 bytes, indexed True
2025-08-08 09:49:26,844 - DEBUG - Decoded 18, consumed 1 bytes
2025-08-08 09:49:26,844 - DEBUG - Decoded 3, consumed 1 bytes
2025-08-08 09:49:26,845 - DEBUG - Decoded (b'accept-ranges', b'none'), total consumed 5 bytes, indexed True
2025-08-08 09:49:26,845 - DEBUG - Decoded 59, consumed 1 bytes
2025-08-08 09:49:26,845 - DEBUG - Decoded 45, consumed 1 bytes
2025-08-08 09:49:26,846 - DEBUG - Decoded (b'vary', b'Sec-Fetch-Dest, Sec-Fetch-Mode, Sec-Fetch-Site,Accept-Encoding'), total consumed 47 bytes, indexed True
2025-08-08 09:49:26,848 - DEBUG - HTTP Request: POST https://translate.google.com/_/TranslateWebserverUi/data/batchexecute?rpcids=MkEWBc&bl=boq_translate-webserver_20201207.13_p0&soc-app=1&soc-platform=1&soc-device=1&rt=c "HTTP/2 200 OK"
2025-08-08 09:49:26,850 - INFO - Translated 'my children are good how are yours nice  good good' to 'My Children are good how are your good good good'
2025-08-08 09:49:26,854 - INFO - 127.0.0.1 - - [08/Aug/2025 09:49:26] "POST /api/admin/translate-answer HTTP/1.1" 200 -
2025-08-08 09:49:26,866 - INFO - 127.0.0.1 - - [08/Aug/2025 09:49:26] "OPTIONS /api/survey/submit HTTP/1.1" 200 -
2025-08-08 09:49:27,504 - INFO - Emotion and face detection models loaded successfully
2025-08-08 09:49:27,504 - WARNING - No monitoring session active for soldier 100000001
2025-08-08 09:49:27,504 - INFO - Emotion monitoring results: {'force_id': '100000001', 'message': 'No monitoring session active'}
2025-08-08 09:49:27,504 - WARNING - No emotion data retrieved from monitoring service
2025-08-08 09:49:27,504 - INFO - Using emotion monitoring average score: 0.00 for all questions
2025-08-08 09:49:27,505 - INFO - Sentiment scores for text: {'neg': 0.0, 'neu': 0.341, 'pos': 0.659, 'compound': 0.891}
2025-08-08 09:49:27,505 - INFO - Text: 'My Children are good how are your good good good...' - Label: POSITIVE, Depression score: 0.05
2025-08-08 09:49:27,505 - INFO - Question 17 - Sentiment: POSITIVE, Score: 0.05
2025-08-08 09:49:27,520 - INFO - Dynamic settings loaded - NLP Weight: 0.7, Emotion Weight: 0.3
2025-08-08 09:49:27,532 - INFO - Dynamic settings loaded - NLP Weight: 0.7, Emotion Weight: 0.3
2025-08-08 09:49:27,533 - INFO - Question 17: Weighted Combined = (0.05 * 0.7) + (0.00 * 0.3) = 0.038
2025-08-08 09:49:27,533 - INFO - Question 17: NLP=0.05449999999999999, Emotion=0.00, Weighted Combined=0.038
2025-08-08 09:49:27,534 - INFO - Session 84 - Average NLP Depression Score: 0.05
2025-08-08 09:49:27,547 - INFO - Dynamic settings loaded - NLP Weight: 0.7, Emotion Weight: 0.3
2025-08-08 09:49:27,547 - INFO - Session 84 - Using NLP score only: 0.05
2025-08-08 09:49:27,561 - INFO - ================================================================================
2025-08-08 09:49:27,846 - INFO - ================================================================================
2025-08-08 09:49:27,917 - INFO - 
2025-08-08 09:49:27,926 - INFO -    State:          EXCELLENT MENTAL HEALTH
2025-08-08 09:49:27,927 - INFO -    Alert Level:    GREEN
2025-08-08 09:49:27,928 - INFO -    Description:    Positive emotional state, no concerns
2025-08-08 09:49:27,928 - INFO -    Recommendation: Continue normal duties
2025-08-08 09:49:27,928 - INFO - 
2025-08-08 09:49:27,935 - INFO -    Total Detections: 0
2025-08-08 09:49:27,935 - INFO -    Dominant Emotion: Unknown
2025-08-08 09:49:27,936 - INFO - ================================================================================
2025-08-08 09:49:27,955 - INFO - 127.0.0.1 - - [08/Aug/2025 09:49:27] "[35m[1mPOST /api/survey/submit HTTP/1.1[0m" 201 -
2025-08-08 09:49:28,269 - INFO - 127.0.0.1 - - [08/Aug/2025 09:49:28] "OPTIONS /api/image/end-survey-monitoring HTTP/1.1" 200 -
2025-08-08 09:49:28,698 - INFO - Stopped continuous survey frame processing for soldier 100000001
2025-08-08 09:49:28,698 - WARNING - No emotion data collected during survey for soldier 100000001
2025-08-08 09:49:28,981 - INFO - Camera resources released after survey monitoring
2025-08-08 09:49:28,982 - INFO - 127.0.0.1 - - [08/Aug/2025 09:49:28] "POST /api/image/end-survey-monitoring HTTP/1.1" 200 -
2025-08-08 09:49:29,020 - WARNING - No monitoring session active for soldier 100000001
2025-08-08 09:49:29,021 - INFO - 127.0.0.1 - - [08/Aug/2025 09:49:29] "POST /api/image/end-survey-monitoring HTTP/1.1" 200 -
2025-08-08 09:51:29,449 - INFO - 127.0.0.1 - - [08/Aug/2025 09:51:29] "OPTIONS /api/auth/login HTTP/1.1" 200 -
2025-08-08 09:51:30,147 - INFO - Dynamic session timeout loaded: 900 seconds
2025-08-08 09:51:30,149 - INFO - 127.0.0.1 - - [08/Aug/2025 09:51:30] "POST /api/auth/login HTTP/1.1" 200 -
2025-08-08 09:51:30,211 - INFO - 127.0.0.1 - - [08/Aug/2025 09:51:30] "GET /api/admin/dashboard-stats?timeframe=7d HTTP/1.1" 200 -
2025-08-08 09:51:30,556 - INFO - 127.0.0.1 - - [08/Aug/2025 09:51:30] "GET /api/admin/dashboard-stats?timeframe=7d HTTP/1.1" 200 -
2025-08-08 09:51:36,430 - INFO - 127.0.0.1 - - [08/Aug/2025 09:51:36] "GET /api/admin/soldiers-report?risk_level=all&days=7&page=1&per_page=20 HTTP/1.1" 200 -
2025-08-08 09:51:36,805 - INFO - 127.0.0.1 - - [08/Aug/2025 09:51:36] "GET /api/admin/soldiers-report?risk_level=all&days=7&page=1&per_page=20 HTTP/1.1" 200 -
2025-08-08 09:51:36,822 - INFO - 127.0.0.1 - - [08/Aug/2025 09:51:36] "GET /api/admin/soldiers-report?risk_level=all&days=7&page=1&per_page=10000 HTTP/1.1" 200 -
2025-08-08 09:51:37,044 - INFO - 127.0.0.1 - - [08/Aug/2025 09:51:37] "GET /api/admin/soldiers-report?risk_level=all&days=7&page=1&per_page=10000 HTTP/1.1" 200 -
2025-08-08 09:51:49,209 - INFO - 127.0.0.1 - - [08/Aug/2025 09:51:49] "OPTIONS /api/image/capture HTTP/1.1" 200 -
2025-08-08 09:52:00,477 - INFO - 127.0.0.1 - - [08/Aug/2025 09:52:00] "GET /api/auth/session-status HTTP/1.1" 200 -
2025-08-08 09:52:30,972 - INFO - 127.0.0.1 - - [08/Aug/2025 09:52:30] "GET /api/auth/session-status HTTP/1.1" 200 -
2025-08-08 09:53:00,995 - INFO - 127.0.0.1 - - [08/Aug/2025 09:53:00] "GET /api/auth/session-status HTTP/1.1" 200 -
2025-08-08 09:53:01,419 - INFO - 127.0.0.1 - - [08/Aug/2025 09:53:01] "POST /api/image/capture HTTP/1.1" 200 -
2025-08-08 09:53:30,486 - INFO - 127.0.0.1 - - [08/Aug/2025 09:53:30] "GET /api/auth/session-status HTTP/1.1" 200 -
2025-08-08 09:53:52,125 - INFO - 127.0.0.1 - - [08/Aug/2025 09:53:52] "OPTIONS /api/image/capture HTTP/1.1" 200 -
2025-08-08 09:54:00,488 - INFO - 127.0.0.1 - - [08/Aug/2025 09:54:00] "GET /api/auth/session-status HTTP/1.1" 200 -
2025-08-08 09:54:19,695 - INFO - 127.0.0.1 - - [08/Aug/2025 09:54:19] "POST /api/image/capture HTTP/1.1" 200 -
2025-08-08 09:54:30,477 - INFO - 127.0.0.1 - - [08/Aug/2025 09:54:30] "GET /api/auth/session-status HTTP/1.1" 200 -
2025-08-08 09:54:38,100 - INFO - 127.0.0.1 - - [08/Aug/2025 09:54:38] "OPTIONS /api/image/capture HTTP/1.1" 200 -
2025-08-08 09:55:00,480 - INFO - 127.0.0.1 - - [08/Aug/2025 09:55:00] "GET /api/auth/session-status HTTP/1.1" 200 -
2025-08-08 09:55:30,480 - INFO - 127.0.0.1 - - [08/Aug/2025 09:55:30] "GET /api/auth/session-status HTTP/1.1" 200 -
2025-08-08 09:55:55,118 - INFO - 127.0.0.1 - - [08/Aug/2025 09:55:55] "POST /api/image/capture HTTP/1.1" 200 -
2025-08-08 09:56:00,488 - INFO - 127.0.0.1 - - [08/Aug/2025 09:56:00] "GET /api/auth/session-status HTTP/1.1" 200 -
2025-08-08 09:56:01,635 - INFO - 127.0.0.1 - - [08/Aug/2025 09:56:01] "OPTIONS /api/admin/add-soldier HTTP/1.1" 200 -
2025-08-08 09:56:01,955 - INFO - 127.0.0.1 - - [08/Aug/2025 09:56:01] "[35m[1mPOST /api/admin/add-soldier HTTP/1.1[0m" 201 -
2025-08-08 09:56:10,704 - INFO - 127.0.0.1 - - [08/Aug/2025 09:56:10] "OPTIONS /api/image/train HTTP/1.1" 200 -
2025-08-08 09:56:11,033 - INFO - Starting training for 1 soldiers: ['100000002']
2025-08-08 09:56:11,033 - INFO - Processing soldier 100000002...
2025-08-08 09:56:11,953 - INFO - Processed image 100000002_Look_straight_at_camera_0.jpg for soldier 100000002
2025-08-08 09:56:12,916 - INFO - Processed image 100000002_Look_straight_at_camera_1.jpg for soldier 100000002
2025-08-08 09:56:13,892 - INFO - Processed image 100000002_Look_straight_at_camera_2.jpg for soldier 100000002
2025-08-08 09:56:14,756 - INFO - Processed image 100000002_Look_straight_at_camera_3.jpg for soldier 100000002
2025-08-08 09:56:15,768 - INFO - Processed image 100000002_Look_straight_at_camera_4.jpg for soldier 100000002
2025-08-08 09:56:17,072 - INFO - Processed image 100000002_Smile_0.jpg for soldier 100000002
2025-08-08 09:56:18,051 - INFO - Processed image 100000002_Smile_1.jpg for soldier 100000002
2025-08-08 09:56:19,358 - INFO - Processed image 100000002_Smile_2.jpg for soldier 100000002
2025-08-08 09:56:20,487 - INFO - Processed image 100000002_Smile_3.jpg for soldier 100000002
2025-08-08 09:56:21,496 - INFO - Processed image 100000002_Smile_4.jpg for soldier 100000002
2025-08-08 09:56:22,589 - INFO - Processed image 100000002_Stand_a_little_away_0.jpg for soldier 100000002
2025-08-08 09:56:23,560 - INFO - Processed image 100000002_Stand_a_little_away_1.jpg for soldier 100000002
2025-08-08 09:56:24,882 - INFO - Processed image 100000002_Stand_a_little_away_2.jpg for soldier 100000002
2025-08-08 09:56:25,973 - INFO - Processed image 100000002_Stand_a_little_away_3.jpg for soldier 100000002
2025-08-08 09:56:26,965 - INFO - Processed image 100000002_Stand_a_little_away_4.jpg for soldier 100000002
2025-08-08 09:56:28,224 - INFO - Processed image 100000002_Tilt_your_face_down_0.jpg for soldier 100000002
2025-08-08 09:56:29,191 - INFO - Processed image 100000002_Tilt_your_face_down_1.jpg for soldier 100000002
2025-08-08 09:56:30,221 - INFO - Processed image 100000002_Tilt_your_face_down_2.jpg for soldier 100000002
2025-08-08 09:56:30,222 - INFO - 127.0.0.1 - - [08/Aug/2025 09:56:30] "GET /api/auth/session-status HTTP/1.1" 200 -
2025-08-08 09:56:31,386 - INFO - Processed image 100000002_Tilt_your_face_down_3.jpg for soldier 100000002
2025-08-08 09:56:32,653 - INFO - Processed image 100000002_Tilt_your_face_down_4.jpg for soldier 100000002
2025-08-08 09:56:33,744 - INFO - Processed image 100000002_Turn_your_face_left_0.jpg for soldier 100000002
2025-08-08 09:56:34,913 - INFO - Processed image 100000002_Turn_your_face_left_1.jpg for soldier 100000002
2025-08-08 09:56:35,249 - WARNING - No face found in image 100000002_Turn_your_face_left_2.jpg for soldier 100000002
2025-08-08 09:56:35,654 - WARNING - No face found in image 100000002_Turn_your_face_left_3.jpg for soldier 100000002
2025-08-08 09:56:35,981 - WARNING - No face found in image 100000002_Turn_your_face_left_4.jpg for soldier 100000002
2025-08-08 09:56:37,063 - INFO - Processed image 100000002_Turn_your_face_right_0.jpg for soldier 100000002
2025-08-08 09:56:38,130 - INFO - Processed image 100000002_Turn_your_face_right_1.jpg for soldier 100000002
2025-08-08 09:56:39,304 - INFO - Processed image 100000002_Turn_your_face_right_2.jpg for soldier 100000002
2025-08-08 09:56:40,437 - INFO - Processed image 100000002_Turn_your_face_right_3.jpg for soldier 100000002
2025-08-08 09:56:41,563 - INFO - Processed image 100000002_Turn_your_face_right_4.jpg for soldier 100000002
2025-08-08 09:56:41,602 - INFO - Saved profile picture for soldier 100000002
2025-08-08 09:56:41,603 - INFO - Archived training images for soldier 100000002 to storage\processed\100000002_20250808_095641
2025-08-08 09:56:41,604 - INFO - Successfully processed 27 images for soldier 100000002
2025-08-08 09:56:41,604 - INFO - Successfully processed soldier 100000002
2025-08-08 09:56:41,604 - INFO - Adding 1 soldiers to model...
2025-08-08 09:56:41,606 - INFO - Model loaded successfully - 1 soldiers
2025-08-08 09:56:41,622 - INFO - Model backed up to: storage\models\backups\face_model_backup_pre_20250808_095641.pkl
2025-08-08 09:56:41,649 - INFO - Model saved atomically - Version: 20250808_095641, Soldiers: 2
2025-08-08 09:56:41,674 - INFO - Marked 1 soldiers as trained with version 20250808_095611
2025-08-08 09:56:41,675 - INFO - Training completed successfully for 1 soldiers
2025-08-08 09:56:41,697 - INFO - Model loaded successfully - 2 soldiers
2025-08-08 09:56:41,699 - INFO - 127.0.0.1 - - [08/Aug/2025 09:56:41] "POST /api/image/train HTTP/1.1" 200 -
2025-08-08 09:56:51,326 - INFO - 127.0.0.1 - - [08/Aug/2025 09:56:51] "GET /api/admin/soldiers-report?risk_level=all&days=7&page=1&per_page=20 HTTP/1.1" 200 -
2025-08-08 09:56:51,586 - INFO - 127.0.0.1 - - [08/Aug/2025 09:56:51] "GET /api/admin/soldiers-report?risk_level=all&days=7&page=1&per_page=20 HTTP/1.1" 200 -
2025-08-08 09:56:51,771 - INFO - 127.0.0.1 - - [08/Aug/2025 09:56:51] "GET /api/admin/soldiers-report?risk_level=all&days=7&page=1&per_page=10000 HTTP/1.1" 200 -
2025-08-08 09:56:51,868 - INFO - 127.0.0.1 - - [08/Aug/2025 09:56:51] "GET /api/admin/soldiers-report?risk_level=all&days=7&page=1&per_page=10000 HTTP/1.1" 200 -
2025-08-08 09:56:55,261 - INFO - 127.0.0.1 - - [08/Aug/2025 09:56:55] "GET /api/monitor/face-model/soldiers HTTP/1.1" 200 -
2025-08-08 09:56:55,527 - INFO - 127.0.0.1 - - [08/Aug/2025 09:56:55] "GET /api/monitor/face-model/soldiers HTTP/1.1" 200 -
2025-08-08 09:56:55,595 - ERROR - Error fetching soldiers: 1054 (42S22): Unknown column 'u.name' in 'field list'
2025-08-08 09:56:55,597 - INFO - 127.0.0.1 - - [08/Aug/2025 09:56:55] "[35m[1mGET /api/admin/soldiers HTTP/1.1[0m" 500 -
2025-08-08 09:56:55,637 - ERROR - Error fetching soldiers: 1054 (42S22): Unknown column 'u.name' in 'field list'
2025-08-08 09:56:55,640 - INFO - 127.0.0.1 - - [08/Aug/2025 09:56:55] "[35m[1mGET /api/admin/soldiers HTTP/1.1[0m" 500 -
2025-08-08 09:56:55,923 - INFO - Model loaded successfully - 2 soldiers
2025-08-08 09:56:55,926 - INFO - Model loaded successfully - 2 soldiers
2025-08-08 09:56:55,928 - INFO - Model loaded successfully - 2 soldiers
2025-08-08 09:56:55,978 - INFO - 127.0.0.1 - - [08/Aug/2025 09:56:55] "GET /api/monitor/face-model/status HTTP/1.1" 200 -
2025-08-08 09:56:56,302 - INFO - Model loaded successfully - 2 soldiers
2025-08-08 09:56:56,307 - INFO - Model loaded successfully - 2 soldiers
2025-08-08 09:56:56,310 - INFO - Model loaded successfully - 2 soldiers
2025-08-08 09:56:56,328 - INFO - Model loaded successfully - 2 soldiers
2025-08-08 09:56:56,329 - INFO - 127.0.0.1 - - [08/Aug/2025 09:56:56] "GET /api/image/soldier-training-status/100000001 HTTP/1.1" 200 -
2025-08-08 09:56:56,364 - INFO - 127.0.0.1 - - [08/Aug/2025 09:56:56] "GET /api/monitor/face-model/status HTTP/1.1" 200 -
2025-08-08 09:56:56,577 - INFO - Model loaded successfully - 2 soldiers
2025-08-08 09:56:56,579 - INFO - 127.0.0.1 - - [08/Aug/2025 09:56:56] "GET /api/image/soldier-training-status/100000001 HTTP/1.1" 200 -
2025-08-08 09:56:58,455 - INFO - 127.0.0.1 - - [08/Aug/2025 09:56:58] "GET /api/monitor/face-model/soldiers HTTP/1.1" 200 -
2025-08-08 09:56:58,789 - ERROR - Error fetching soldiers: 1054 (42S22): Unknown column 'u.name' in 'field list'
2025-08-08 09:56:58,790 - INFO - 127.0.0.1 - - [08/Aug/2025 09:56:58] "[35m[1mGET /api/admin/soldiers HTTP/1.1[0m" 500 -
2025-08-08 09:56:59,047 - INFO - Model loaded successfully - 2 soldiers
2025-08-08 09:56:59,051 - INFO - Model loaded successfully - 2 soldiers
2025-08-08 09:56:59,054 - INFO - Model loaded successfully - 2 soldiers
2025-08-08 09:56:59,099 - INFO - 127.0.0.1 - - [08/Aug/2025 09:56:59] "GET /api/monitor/face-model/status HTTP/1.1" 200 -
2025-08-08 09:56:59,140 - INFO - Model loaded successfully - 2 soldiers
2025-08-08 09:56:59,142 - INFO - 127.0.0.1 - - [08/Aug/2025 09:56:59] "GET /api/image/soldier-training-status/100000001 HTTP/1.1" 200 -
2025-08-08 09:57:00,473 - INFO - 127.0.0.1 - - [08/Aug/2025 09:57:00] "GET /api/auth/session-status HTTP/1.1" 200 -
2025-08-08 09:57:00,505 - INFO - 127.0.0.1 - - [08/Aug/2025 09:57:00] "GET /api/monitor/face-model/soldiers HTTP/1.1" 200 -
2025-08-08 09:57:00,787 - ERROR - Error fetching soldiers: 1054 (42S22): Unknown column 'u.name' in 'field list'
2025-08-08 09:57:00,788 - INFO - 127.0.0.1 - - [08/Aug/2025 09:57:00] "[35m[1mGET /api/admin/soldiers HTTP/1.1[0m" 500 -
2025-08-08 09:57:00,820 - INFO - Model loaded successfully - 2 soldiers
2025-08-08 09:57:00,822 - INFO - Model loaded successfully - 2 soldiers
2025-08-08 09:57:00,824 - INFO - Model loaded successfully - 2 soldiers
2025-08-08 09:57:00,854 - INFO - 127.0.0.1 - - [08/Aug/2025 09:57:00] "GET /api/monitor/face-model/status HTTP/1.1" 200 -
2025-08-08 09:57:01,125 - INFO - Model loaded successfully - 2 soldiers
2025-08-08 09:57:01,126 - INFO - 127.0.0.1 - - [08/Aug/2025 09:57:01] "GET /api/image/soldier-training-status/100000001 HTTP/1.1" 200 -
2025-08-08 09:57:01,223 - INFO - Refreshing face recognition model...
2025-08-08 09:57:01,228 - INFO - Model loaded successfully - 2 soldiers
2025-08-08 09:57:01,229 - INFO - Model refreshed (auto) - Soldiers: 1 -> 2
2025-08-08 09:57:01,923 - INFO - 127.0.0.1 - - [08/Aug/2025 09:57:01] "GET /api/monitor/face-model/soldiers HTTP/1.1" 200 -
2025-08-08 09:57:02,261 - ERROR - Error fetching soldiers: 1054 (42S22): Unknown column 'u.name' in 'field list'
2025-08-08 09:57:02,263 - INFO - 127.0.0.1 - - [08/Aug/2025 09:57:02] "[35m[1mGET /api/admin/soldiers HTTP/1.1[0m" 500 -
2025-08-08 09:57:02,516 - INFO - Model loaded successfully - 2 soldiers
2025-08-08 09:57:02,519 - INFO - Model loaded successfully - 2 soldiers
2025-08-08 09:57:02,522 - INFO - Model loaded successfully - 2 soldiers
2025-08-08 09:57:02,564 - INFO - 127.0.0.1 - - [08/Aug/2025 09:57:02] "GET /api/monitor/face-model/status HTTP/1.1" 200 -
2025-08-08 09:57:02,599 - INFO - Model loaded successfully - 2 soldiers
2025-08-08 09:57:02,600 - INFO - 127.0.0.1 - - [08/Aug/2025 09:57:02] "GET /api/image/soldier-training-status/100000001 HTTP/1.1" 200 -
2025-08-08 09:57:03,808 - INFO - 127.0.0.1 - - [08/Aug/2025 09:57:03] "GET /api/monitor/face-model/soldiers HTTP/1.1" 200 -
2025-08-08 09:57:04,092 - ERROR - Error fetching soldiers: 1054 (42S22): Unknown column 'u.name' in 'field list'
2025-08-08 09:57:04,094 - INFO - 127.0.0.1 - - [08/Aug/2025 09:57:04] "[35m[1mGET /api/admin/soldiers HTTP/1.1[0m" 500 -
2025-08-08 09:57:04,136 - INFO - Model loaded successfully - 2 soldiers
2025-08-08 09:57:04,140 - INFO - Model loaded successfully - 2 soldiers
2025-08-08 09:57:04,142 - INFO - Model loaded successfully - 2 soldiers
2025-08-08 09:57:04,187 - INFO - 127.0.0.1 - - [08/Aug/2025 09:57:04] "GET /api/monitor/face-model/status HTTP/1.1" 200 -
2025-08-08 09:57:04,437 - INFO - Model loaded successfully - 2 soldiers
2025-08-08 09:57:04,438 - INFO - 127.0.0.1 - - [08/Aug/2025 09:57:04] "GET /api/image/soldier-training-status/100000001 HTTP/1.1" 200 -
2025-08-08 09:57:05,241 - INFO - 127.0.0.1 - - [08/Aug/2025 09:57:05] "GET /api/monitor/face-model/soldiers HTTP/1.1" 200 -
2025-08-08 09:57:05,562 - ERROR - Error fetching soldiers: 1054 (42S22): Unknown column 'u.name' in 'field list'
2025-08-08 09:57:05,563 - INFO - 127.0.0.1 - - [08/Aug/2025 09:57:05] "[35m[1mGET /api/admin/soldiers HTTP/1.1[0m" 500 -
2025-08-08 09:57:05,823 - INFO - Model loaded successfully - 2 soldiers
2025-08-08 09:57:05,826 - INFO - Model loaded successfully - 2 soldiers
2025-08-08 09:57:05,829 - INFO - Model loaded successfully - 2 soldiers
2025-08-08 09:57:05,872 - INFO - 127.0.0.1 - - [08/Aug/2025 09:57:05] "GET /api/monitor/face-model/status HTTP/1.1" 200 -
2025-08-08 09:57:05,906 - INFO - Model loaded successfully - 2 soldiers
2025-08-08 09:57:05,907 - INFO - 127.0.0.1 - - [08/Aug/2025 09:57:05] "GET /api/image/soldier-training-status/100000001 HTTP/1.1" 200 -
2025-08-08 09:57:19,442 - INFO - 127.0.0.1 - - [08/Aug/2025 09:57:19] "POST /api/auth/logout HTTP/1.1" 200 -
2025-08-08 09:57:27,706 - INFO - 127.0.0.1 - - [08/Aug/2025 09:57:27] "OPTIONS /api/image/start-survey-monitoring HTTP/1.1" 200 -
2025-08-08 09:57:28,042 - INFO - Trying external webcam (index 1)...
2025-08-08 09:57:28,089 - INFO - External webcam not found, trying built-in camera (index 0)...
2025-08-08 09:57:31,160 - INFO - Successfully connected to built-in camera
2025-08-08 09:57:38,244 - INFO - Camera configured: 640x480, detection_interval=30
2025-08-08 09:57:38,246 - INFO - Starting continuous survey frame processing for soldier 100000001
2025-08-08 09:57:38,246 - INFO - Started survey emotion monitoring for soldier 100000001
2025-08-08 09:57:38,247 - INFO - 127.0.0.1 - - [08/Aug/2025 09:57:38] "POST /api/image/start-survey-monitoring HTTP/1.1" 200 -
2025-08-08 09:57:38,273 - INFO - Using detection interval: 30 frames
2025-08-08 09:57:38,287 - INFO - 127.0.0.1 - - [08/Aug/2025 09:57:38] "GET /api/survey/active-questionnaire HTTP/1.1" 200 -
2025-08-08 09:57:41,910 - INFO - Refreshing face recognition model...
2025-08-08 09:57:41,914 - INFO - Model loaded successfully - 2 soldiers
2025-08-08 09:57:41,916 - INFO - Model refreshed (auto) - Soldiers: 1 -> 2
2025-08-08 09:57:43,829 - DEBUG - Recognized soldier 100000001 with distance 0.248
2025-08-08 09:57:44,690 - DEBUG - Emotion probabilities for 100000001: {'Angry': '0.006', 'Disgusted': '0.000', 'Fearful': '0.001', 'Happy': '0.001', 'Neutral': '0.991', 'Sad': '0.001', 'Surprised': '0.000'}
2025-08-08 09:57:44,690 - INFO - Detected soldier 100000001 with Neutral emotion (score: 0, confidence: 0.991)
2025-08-08 09:57:44,690 - INFO - Survey detection: 100000001 - Neutral (0.00)
2025-08-08 09:57:51,491 - DEBUG - Recognized soldier 100000001 with distance 0.233
2025-08-08 09:57:54,977 - DEBUG - Emotion probabilities for 100000001: {'Angry': '0.011', 'Disgusted': '0.000', 'Fearful': '0.002', 'Happy': '0.001', 'Neutral': '0.982', 'Sad': '0.005', 'Surprised': '0.000'}
2025-08-08 09:57:54,979 - INFO - Detected soldier 100000001 with Neutral emotion (score: 0, confidence: 0.982)
2025-08-08 09:57:54,980 - INFO - Survey detection: 100000001 - Neutral (0.00)
2025-08-08 09:57:59,931 - DEBUG - Recognized soldier 100000001 with distance 0.252
2025-08-08 09:58:00,150 - DEBUG - Emotion probabilities for 100000001: {'Angry': '0.007', 'Disgusted': '0.000', 'Fearful': '0.000', 'Happy': '0.002', 'Neutral': '0.990', 'Sad': '0.001', 'Surprised': '0.000'}
2025-08-08 09:58:00,151 - INFO - Detected soldier 100000001 with Neutral emotion (score: 0, confidence: 0.990)
2025-08-08 09:58:00,151 - INFO - Survey detection: 100000001 - Neutral (0.00)
2025-08-08 09:58:09,432 - INFO - 127.0.0.1 - - [08/Aug/2025 09:58:09] "OPTIONS /api/survey/submit HTTP/1.1" 200 -
2025-08-08 09:58:09,444 - DEBUG - Recognized soldier 100000001 with distance 0.284
2025-08-08 09:58:10,227 - DEBUG - Emotion probabilities for 100000001: {'Angry': '0.014', 'Disgusted': '0.000', 'Fearful': '0.001', 'Happy': '0.001', 'Neutral': '0.978', 'Sad': '0.005', 'Surprised': '0.000'}
2025-08-08 09:58:10,228 - INFO - Detected soldier 100000001 with Neutral emotion (score: 0, confidence: 0.978)
2025-08-08 09:58:10,230 - INFO - Survey detection: 100000001 - Neutral (0.00)
2025-08-08 09:58:13,163 - INFO - Emotion and face detection models loaded successfully
2025-08-08 09:58:13,164 - WARNING - No monitoring session active for soldier 100000001
2025-08-08 09:58:13,164 - INFO - Emotion monitoring results: {'force_id': '100000001', 'message': 'No monitoring session active'}
2025-08-08 09:58:13,164 - WARNING - No emotion data retrieved from monitoring service
2025-08-08 09:58:13,165 - INFO - Using emotion monitoring average score: 0.00 for all questions
2025-08-08 09:58:13,165 - INFO - Sentiment scores for text: {'neg': 0.0, 'neu': 0.46, 'pos': 0.54, 'compound': 0.5719}
2025-08-08 09:58:13,165 - INFO - Text: 'everything is good  I am fine...' - Label: POSITIVE, Depression score: 0.21
2025-08-08 09:58:13,166 - INFO - Question 17 - Sentiment: POSITIVE, Score: 0.21
2025-08-08 09:58:13,193 - INFO - Dynamic settings loaded - NLP Weight: 0.7, Emotion Weight: 0.3
2025-08-08 09:58:13,220 - INFO - Dynamic settings loaded - NLP Weight: 0.7, Emotion Weight: 0.3
2025-08-08 09:58:13,221 - INFO - Question 17: Weighted Combined = (0.21 * 0.7) + (0.00 * 0.3) = 0.150
2025-08-08 09:58:13,221 - INFO - Question 17: NLP=0.21405000000000002, Emotion=0.00, Weighted Combined=0.150
2025-08-08 09:58:13,224 - INFO - Session 85 - Average NLP Depression Score: 0.21
2025-08-08 09:58:13,251 - INFO - Dynamic settings loaded - NLP Weight: 0.7, Emotion Weight: 0.3
2025-08-08 09:58:13,252 - INFO - Session 85 - Using NLP score only: 0.21
2025-08-08 09:58:13,283 - INFO - ================================================================================
2025-08-08 09:58:13,295 - INFO - ================================================================================
2025-08-08 09:58:13,383 - INFO - 
2025-08-08 09:58:13,411 - INFO -    State:          EXCELLENT MENTAL HEALTH
2025-08-08 09:58:13,411 - INFO -    Alert Level:    GREEN
2025-08-08 09:58:13,412 - INFO -    Description:    Positive emotional state, no concerns
2025-08-08 09:58:13,412 - INFO -    Recommendation: Continue normal duties
2025-08-08 09:58:13,413 - INFO - 
2025-08-08 09:58:13,445 - INFO -    Total Detections: 0
2025-08-08 09:58:13,446 - INFO -    Dominant Emotion: Unknown
2025-08-08 09:58:13,447 - INFO - ================================================================================
2025-08-08 09:58:13,508 - INFO - 127.0.0.1 - - [08/Aug/2025 09:58:13] "[35m[1mPOST /api/survey/submit HTTP/1.1[0m" 201 -
2025-08-08 09:58:14,914 - DEBUG - Recognized soldier 100000001 with distance 0.250
2025-08-08 09:58:14,917 - INFO - 127.0.0.1 - - [08/Aug/2025 09:58:14] "OPTIONS /api/image/end-survey-monitoring HTTP/1.1" 200 -
2025-08-08 09:58:15,049 - DEBUG - Emotion probabilities for 100000001: {'Angry': '0.009', 'Disgusted': '0.000', 'Fearful': '0.001', 'Happy': '0.001', 'Neutral': '0.986', 'Sad': '0.003', 'Surprised': '0.000'}
2025-08-08 09:58:15,049 - INFO - Detected soldier 100000001 with Neutral emotion (score: 0, confidence: 0.986)
2025-08-08 09:58:15,050 - INFO - Survey detection: 100000001 - Neutral (0.00)
2025-08-08 09:58:15,154 - INFO - Stopped continuous survey frame processing for soldier 100000001
2025-08-08 09:58:15,154 - INFO - Processing 5 emotion detections for soldier 100000001
2025-08-08 09:58:15,155 - INFO - Found 5 actual emotion detections (filtered from 5 total entries)
2025-08-08 09:58:15,155 - INFO - Calculated avg depression score: 0.00, dominant emotion: Neutral
2025-08-08 09:58:15,155 - INFO - Storing emotion data for session_id: 85
2025-08-08 09:58:15,175 - INFO - Storing emotion data - session_id: 85, force_id: 100000001, avg_score: 0.00
2025-08-08 09:58:15,183 - INFO - Updated 1 weekly session record(s)
2025-08-08 09:58:15,186 - INFO - Updated 1 question response record(s)
2025-08-08 09:58:15,191 - INFO - Successfully stored survey emotion data for session 85: avg_score=0.00
2025-08-08 09:58:15,192 - INFO - Survey monitoring ended for 100000001: avg_score=0.00, emotion=Neutral, detections=5
2025-08-08 09:58:15,755 - INFO - Camera resources released after survey monitoring
2025-08-08 09:58:15,757 - INFO - 127.0.0.1 - - [08/Aug/2025 09:58:15] "POST /api/image/end-survey-monitoring HTTP/1.1" 200 -
2025-08-08 09:58:16,134 - WARNING - No monitoring session active for soldier 100000001
2025-08-08 09:58:16,136 - INFO - 127.0.0.1 - - [08/Aug/2025 09:58:16] "POST /api/image/end-survey-monitoring HTTP/1.1" 200 -
2025-08-08 10:01:25,364 - INFO - 127.0.0.1 - - [08/Aug/2025 10:01:25] "OPTIONS /api/image/start-survey-monitoring HTTP/1.1" 200 -
2025-08-08 10:01:25,686 - INFO - Trying external webcam (index 1)...
2025-08-08 10:01:25,720 - INFO - External webcam not found, trying built-in camera (index 0)...
2025-08-08 10:01:29,319 - INFO - Successfully connected to built-in camera
2025-08-08 10:01:38,033 - INFO - Camera configured: 640x480, detection_interval=30
2025-08-08 10:01:38,035 - INFO - Starting continuous survey frame processing for soldier 100000002
2025-08-08 10:01:38,035 - INFO - Started survey emotion monitoring for soldier 100000002
2025-08-08 10:01:38,036 - INFO - 127.0.0.1 - - [08/Aug/2025 10:01:38] "POST /api/image/start-survey-monitoring HTTP/1.1" 200 -
2025-08-08 10:01:38,064 - INFO - Using detection interval: 30 frames
2025-08-08 10:01:38,072 - INFO - 127.0.0.1 - - [08/Aug/2025 10:01:38] "GET /api/survey/active-questionnaire HTTP/1.1" 200 -
2025-08-08 10:01:42,909 - DEBUG - Recognized soldier 100000002 with distance 0.197
2025-08-08 10:01:43,086 - DEBUG - Emotion probabilities for 100000002: {'Angry': '0.012', 'Disgusted': '0.035', 'Fearful': '0.217', 'Happy': '0.000', 'Neutral': '0.062', 'Sad': '0.672', 'Surprised': '0.002'}
2025-08-08 10:01:43,087 - INFO - Detected soldier 100000002 with Sad emotion (score: 3, confidence: 0.672)
2025-08-08 10:01:43,087 - INFO - Survey detection: 100000002 - Sad (3.00)
2025-08-08 10:01:47,662 - DEBUG - Recognized soldier 100000002 with distance 0.214
2025-08-08 10:01:47,856 - DEBUG - Emotion probabilities for 100000002: {'Angry': '0.015', 'Disgusted': '0.080', 'Fearful': '0.266', 'Happy': '0.000', 'Neutral': '0.199', 'Sad': '0.434', 'Surprised': '0.006'}
2025-08-08 10:01:47,857 - INFO - Detected soldier 100000002 with Sad emotion (score: 3, confidence: 0.434)
2025-08-08 10:01:47,858 - INFO - Survey detection: 100000002 - Sad (3.00)
2025-08-08 10:01:52,470 - DEBUG - Recognized soldier 100000002 with distance 0.230
2025-08-08 10:01:52,579 - DEBUG - Emotion probabilities for 100000002: {'Angry': '0.012', 'Disgusted': '0.035', 'Fearful': '0.292', 'Happy': '0.000', 'Neutral': '0.084', 'Sad': '0.573', 'Surprised': '0.003'}
2025-08-08 10:01:52,580 - INFO - Detected soldier 100000002 with Sad emotion (score: 3, confidence: 0.573)
2025-08-08 10:01:52,580 - INFO - Survey detection: 100000002 - Sad (3.00)
2025-08-08 10:01:57,301 - DEBUG - Recognized soldier 100000002 with distance 0.243
2025-08-08 10:01:57,521 - DEBUG - Emotion probabilities for 100000002: {'Angry': '0.016', 'Disgusted': '0.060', 'Fearful': '0.207', 'Happy': '0.000', 'Neutral': '0.082', 'Sad': '0.632', 'Surprised': '0.004'}
2025-08-08 10:01:57,522 - INFO - Detected soldier 100000002 with Sad emotion (score: 3, confidence: 0.632)
2025-08-08 10:01:57,523 - INFO - Survey detection: 100000002 - Sad (3.00)
2025-08-08 10:01:58,597 - INFO - 127.0.0.1 - - [08/Aug/2025 10:01:58] "OPTIONS /api/survey/submit HTTP/1.1" 200 -
2025-08-08 10:02:00,045 - INFO - Emotion and face detection models loaded successfully
2025-08-08 10:02:00,046 - WARNING - No monitoring session active for soldier 100000002
2025-08-08 10:02:00,047 - INFO - Emotion monitoring results: {'force_id': '100000002', 'message': 'No monitoring session active'}
2025-08-08 10:02:00,048 - WARNING - No emotion data retrieved from monitoring service
2025-08-08 10:02:00,048 - INFO - Using emotion monitoring average score: 0.00 for all questions
2025-08-08 10:02:00,051 - INFO - Sentiment scores for text: {'neg': 0.0, 'neu': 0.211, 'pos': 0.789, 'compound': 0.7579}
2025-08-08 10:02:00,052 - INFO - Text: 'everything is good  fine nice...' - Label: POSITIVE, Depression score: 0.12
2025-08-08 10:02:00,052 - INFO - Question 17 - Sentiment: POSITIVE, Score: 0.12
2025-08-08 10:02:00,086 - INFO - Dynamic settings loaded - NLP Weight: 0.7, Emotion Weight: 0.3
2025-08-08 10:02:00,122 - INFO - Dynamic settings loaded - NLP Weight: 0.7, Emotion Weight: 0.3
2025-08-08 10:02:00,123 - INFO - Question 17: Weighted Combined = (0.12 * 0.7) + (0.00 * 0.3) = 0.085
2025-08-08 10:02:00,123 - INFO - Question 17: NLP=0.12104999999999999, Emotion=0.00, Weighted Combined=0.085
2025-08-08 10:02:00,127 - INFO - Session 86 - Average NLP Depression Score: 0.12
2025-08-08 10:02:00,152 - INFO - Dynamic settings loaded - NLP Weight: 0.7, Emotion Weight: 0.3
2025-08-08 10:02:00,153 - INFO - Session 86 - Using NLP score only: 0.12
2025-08-08 10:02:00,180 - INFO - ================================================================================
2025-08-08 10:02:00,199 - INFO - ================================================================================
2025-08-08 10:02:00,453 - INFO - 
2025-08-08 10:02:00,469 - INFO -    State:          EXCELLENT MENTAL HEALTH
2025-08-08 10:02:00,469 - INFO -    Alert Level:    GREEN
2025-08-08 10:02:00,470 - INFO -    Description:    Positive emotional state, no concerns
2025-08-08 10:02:00,470 - INFO -    Recommendation: Continue normal duties
2025-08-08 10:02:00,470 - INFO - 
2025-08-08 10:02:00,489 - INFO -    Total Detections: 0
2025-08-08 10:02:00,489 - INFO -    Dominant Emotion: Unknown
2025-08-08 10:02:00,491 - INFO - ================================================================================
2025-08-08 10:02:00,571 - INFO - 127.0.0.1 - - [08/Aug/2025 10:02:00] "[35m[1mPOST /api/survey/submit HTTP/1.1[0m" 201 -
2025-08-08 10:02:00,913 - INFO - 127.0.0.1 - - [08/Aug/2025 10:02:00] "OPTIONS /api/image/end-survey-monitoring HTTP/1.1" 200 -
2025-08-08 10:02:01,889 - DEBUG - Recognized soldier 100000002 with distance 0.206
2025-08-08 10:02:01,985 - DEBUG - Emotion probabilities for 100000002: {'Angry': '0.011', 'Disgusted': '0.054', 'Fearful': '0.252', 'Happy': '0.000', 'Neutral': '0.060', 'Sad': '0.618', 'Surprised': '0.005'}
2025-08-08 10:02:01,987 - INFO - Detected soldier 100000002 with Sad emotion (score: 3, confidence: 0.618)
2025-08-08 10:02:01,987 - INFO - Survey detection: 100000002 - Sad (3.00)
2025-08-08 10:02:02,093 - INFO - Stopped continuous survey frame processing for soldier 100000002
2025-08-08 10:02:02,094 - INFO - Processing 5 emotion detections for soldier 100000002
2025-08-08 10:02:02,094 - INFO - Found 5 actual emotion detections (filtered from 5 total entries)
2025-08-08 10:02:02,095 - INFO - Calculated avg depression score: 3.00, dominant emotion: Sad
2025-08-08 10:02:02,095 - INFO - Storing emotion data for session_id: 86
2025-08-08 10:02:02,116 - INFO - Storing emotion data - session_id: 86, force_id: 100000002, avg_score: 3.00
2025-08-08 10:02:02,119 - INFO - Updated 1 weekly session record(s)
2025-08-08 10:02:02,121 - INFO - Updated 1 question response record(s)
2025-08-08 10:02:02,125 - INFO - Successfully stored survey emotion data for session 86: avg_score=3.00
2025-08-08 10:02:02,127 - INFO - Survey monitoring ended for 100000002: avg_score=3.00, emotion=Sad, detections=5
2025-08-08 10:02:02,578 - INFO - Camera resources released after survey monitoring
2025-08-08 10:02:02,579 - INFO - 127.0.0.1 - - [08/Aug/2025 10:02:02] "POST /api/image/end-survey-monitoring HTTP/1.1" 200 -
2025-08-08 10:02:02,952 - WARNING - No monitoring session active for soldier 100000002
2025-08-08 10:02:02,952 - INFO - 127.0.0.1 - - [08/Aug/2025 10:02:02] "POST /api/image/end-survey-monitoring HTTP/1.1" 200 -
2025-08-08 10:02:48,372 - INFO - 127.0.0.1 - - [08/Aug/2025 10:02:48] "OPTIONS /api/auth/login HTTP/1.1" 200 -
2025-08-08 10:02:48,671 - INFO - Dynamic session timeout loaded: 900 seconds
2025-08-08 10:02:48,673 - INFO - 127.0.0.1 - - [08/Aug/2025 10:02:48] "POST /api/auth/login HTTP/1.1" 200 -
2025-08-08 10:02:49,045 - INFO - 127.0.0.1 - - [08/Aug/2025 10:02:49] "GET /api/admin/dashboard-stats?timeframe=7d HTTP/1.1" 200 -
2025-08-08 10:02:49,328 - INFO - 127.0.0.1 - - [08/Aug/2025 10:02:49] "GET /api/admin/dashboard-stats?timeframe=7d HTTP/1.1" 200 -
2025-08-08 10:02:51,872 - INFO - 127.0.0.1 - - [08/Aug/2025 10:02:51] "GET /api/admin/soldiers-report?risk_level=all&days=7&page=1&per_page=20 HTTP/1.1" 200 -
2025-08-08 10:02:52,343 - INFO - 127.0.0.1 - - [08/Aug/2025 10:02:52] "GET /api/admin/soldiers-report?risk_level=all&days=7&page=1&per_page=10000 HTTP/1.1" 200 -
2025-08-08 10:02:52,354 - INFO - 127.0.0.1 - - [08/Aug/2025 10:02:52] "GET /api/admin/soldiers-report?risk_level=all&days=7&page=1&per_page=20 HTTP/1.1" 200 -
2025-08-08 10:02:52,536 - INFO - 127.0.0.1 - - [08/Aug/2025 10:02:52] "GET /api/admin/soldiers-report?risk_level=all&days=7&page=1&per_page=10000 HTTP/1.1" 200 -
2025-08-08 10:03:08,496 - INFO - 127.0.0.1 - - [08/Aug/2025 10:03:08] "GET /api/monitor/face-model/soldiers HTTP/1.1" 200 -
2025-08-08 10:03:08,760 - INFO - 127.0.0.1 - - [08/Aug/2025 10:03:08] "GET /api/monitor/face-model/soldiers HTTP/1.1" 200 -
2025-08-08 10:03:08,838 - ERROR - Error fetching soldiers: 1054 (42S22): Unknown column 'u.name' in 'field list'
2025-08-08 10:03:08,840 - INFO - 127.0.0.1 - - [08/Aug/2025 10:03:08] "[35m[1mGET /api/admin/soldiers HTTP/1.1[0m" 500 -
2025-08-08 10:03:08,874 - ERROR - Error fetching soldiers: 1054 (42S22): Unknown column 'u.name' in 'field list'
2025-08-08 10:03:08,876 - INFO - 127.0.0.1 - - [08/Aug/2025 10:03:08] "[35m[1mGET /api/admin/soldiers HTTP/1.1[0m" 500 -
2025-08-08 10:03:09,171 - INFO - Model loaded successfully - 2 soldiers
2025-08-08 10:03:09,175 - INFO - Model loaded successfully - 2 soldiers
2025-08-08 10:03:09,178 - INFO - Model loaded successfully - 2 soldiers
2025-08-08 10:03:09,221 - INFO - 127.0.0.1 - - [08/Aug/2025 10:03:09] "GET /api/monitor/face-model/status HTTP/1.1" 200 -
2025-08-08 10:03:09,558 - INFO - Model loaded successfully - 2 soldiers
2025-08-08 10:03:09,563 - INFO - Model loaded successfully - 2 soldiers
2025-08-08 10:03:09,567 - INFO - Model loaded successfully - 2 soldiers
2025-08-08 10:03:09,568 - INFO - Model loaded successfully - 2 soldiers
2025-08-08 10:03:09,569 - INFO - 127.0.0.1 - - [08/Aug/2025 10:03:09] "GET /api/image/soldier-training-status/100000001 HTTP/1.1" 200 -
2025-08-08 10:03:09,580 - INFO - Model loaded successfully - 2 soldiers
2025-08-08 10:03:09,582 - INFO - 127.0.0.1 - - [08/Aug/2025 10:03:09] "GET /api/image/soldier-training-status/100000002 HTTP/1.1" 200 -
2025-08-08 10:03:09,606 - INFO - 127.0.0.1 - - [08/Aug/2025 10:03:09] "GET /api/monitor/face-model/status HTTP/1.1" 200 -
2025-08-08 10:03:09,819 - INFO - Model loaded successfully - 2 soldiers
2025-08-08 10:03:09,820 - INFO - 127.0.0.1 - - [08/Aug/2025 10:03:09] "GET /api/image/soldier-training-status/100000001 HTTP/1.1" 200 -
2025-08-08 10:03:09,941 - INFO - Model loaded successfully - 2 soldiers
2025-08-08 10:03:09,942 - INFO - 127.0.0.1 - - [08/Aug/2025 10:03:09] "GET /api/image/soldier-training-status/100000002 HTTP/1.1" 200 -
2025-08-08 10:03:18,699 - INFO - 127.0.0.1 - - [08/Aug/2025 10:03:18] "GET /api/auth/session-status HTTP/1.1" 200 -
2025-08-08 10:03:40,912 - INFO - 127.0.0.1 - - [08/Aug/2025 10:03:40] "OPTIONS /api/image/delete-soldier/100000002 HTTP/1.1" 200 -
2025-08-08 10:03:41,234 - INFO - Model loaded successfully - 2 soldiers
2025-08-08 10:03:41,238 - INFO - Model backed up to: storage\models\backups\face_model_backup_pre_20250808_100341.pkl
2025-08-08 10:03:41,245 - INFO - Model saved atomically - Version: 20250808_100341, Soldiers: 1
2025-08-08 10:03:41,272 - INFO - 127.0.0.1 - - [08/Aug/2025 10:03:41] "[35m[1mDELETE /api/image/delete-soldier/100000002 HTTP/1.1[0m" 500 -
2025-08-08 10:04:00,566 - INFO - Refreshing face recognition model...
2025-08-08 10:04:00,581 - INFO - Model loaded successfully - 1 soldiers
2025-08-08 10:04:00,582 - INFO - Model refreshed (auto) - Soldiers: 2 -> 1
2025-08-08 10:04:03,946 - INFO - 127.0.0.1 - - [08/Aug/2025 10:04:03] "GET /api/auth/session-status HTTP/1.1" 200 -
2025-08-08 10:04:09,794 - INFO - 127.0.0.1 - - [08/Aug/2025 10:04:09] "OPTIONS /api/image/delete-soldier/100000002 HTTP/1.1" 200 -
2025-08-08 10:04:10,106 - INFO - Model loaded successfully - 1 soldiers
2025-08-08 10:04:10,108 - INFO - 127.0.0.1 - - [08/Aug/2025 10:04:10] "[33mDELETE /api/image/delete-soldier/100000002 HTTP/1.1[0m" 404 -
2025-08-08 10:04:25,440 - INFO - 127.0.0.1 - - [08/Aug/2025 10:04:25] "GET /api/auth/session-status HTTP/1.1" 200 -
2025-08-08 10:04:35,559 - INFO - 127.0.0.1 - - [08/Aug/2025 10:04:35] "OPTIONS /api/auth/login HTTP/1.1" 200 -
2025-08-08 10:04:36,345 - INFO - Dynamic session timeout loaded: 900 seconds
2025-08-08 10:04:36,348 - INFO - 127.0.0.1 - - [08/Aug/2025 10:04:36] "POST /api/auth/login HTTP/1.1" 200 -
2025-08-08 10:04:36,473 - INFO - 127.0.0.1 - - [08/Aug/2025 10:04:36] "GET /api/admin/dashboard-stats?timeframe=7d HTTP/1.1" 200 -
2025-08-08 10:04:36,825 - INFO - 127.0.0.1 - - [08/Aug/2025 10:04:36] "GET /api/admin/dashboard-stats?timeframe=7d HTTP/1.1" 200 -
2025-08-08 10:04:40,916 - INFO - 127.0.0.1 - - [08/Aug/2025 10:04:40] "GET /api/monitor/face-model/soldiers HTTP/1.1" 200 -
2025-08-08 10:04:41,169 - INFO - 127.0.0.1 - - [08/Aug/2025 10:04:41] "GET /api/monitor/face-model/soldiers HTTP/1.1" 200 -
2025-08-08 10:04:41,244 - INFO - Refreshing face recognition model...
2025-08-08 10:04:41,246 - INFO - Model loaded successfully - 1 soldiers
2025-08-08 10:04:41,246 - INFO - Model refreshed (auto) - Soldiers: 2 -> 1
2025-08-08 10:04:41,252 - ERROR - Error fetching soldiers: 1054 (42S22): Unknown column 'u.name' in 'field list'
2025-08-08 10:04:41,253 - INFO - 127.0.0.1 - - [08/Aug/2025 10:04:41] "[35m[1mGET /api/admin/soldiers HTTP/1.1[0m" 500 -
2025-08-08 10:04:41,272 - ERROR - Error fetching soldiers: 1054 (42S22): Unknown column 'u.name' in 'field list'
2025-08-08 10:04:41,273 - INFO - 127.0.0.1 - - [08/Aug/2025 10:04:41] "[35m[1mGET /api/admin/soldiers HTTP/1.1[0m" 500 -
2025-08-08 10:04:41,578 - INFO - Model loaded successfully - 1 soldiers
2025-08-08 10:04:41,581 - INFO - Model loaded successfully - 1 soldiers
2025-08-08 10:04:41,582 - INFO - Model loaded successfully - 1 soldiers
2025-08-08 10:04:41,604 - INFO - 127.0.0.1 - - [08/Aug/2025 10:04:41] "GET /api/monitor/face-model/status HTTP/1.1" 200 -
2025-08-08 10:04:41,933 - INFO - Model loaded successfully - 1 soldiers
2025-08-08 10:04:41,937 - INFO - Model loaded successfully - 1 soldiers
2025-08-08 10:04:41,939 - INFO - Model loaded successfully - 1 soldiers
2025-08-08 10:04:41,949 - INFO - Model loaded successfully - 1 soldiers
2025-08-08 10:04:41,952 - INFO - 127.0.0.1 - - [08/Aug/2025 10:04:41] "GET /api/image/soldier-training-status/100000001 HTTP/1.1" 200 -
2025-08-08 10:04:41,960 - INFO - Model loaded successfully - 1 soldiers
2025-08-08 10:04:41,964 - INFO - 127.0.0.1 - - [08/Aug/2025 10:04:41] "GET /api/image/soldier-training-status/100000002 HTTP/1.1" 200 -
2025-08-08 10:04:41,977 - INFO - 127.0.0.1 - - [08/Aug/2025 10:04:41] "GET /api/monitor/face-model/status HTTP/1.1" 200 -
2025-08-08 10:04:42,188 - INFO - Model loaded successfully - 1 soldiers
2025-08-08 10:04:42,188 - INFO - 127.0.0.1 - - [08/Aug/2025 10:04:42] "GET /api/image/soldier-training-status/100000001 HTTP/1.1" 200 -
2025-08-08 10:04:42,315 - INFO - Model loaded successfully - 1 soldiers
2025-08-08 10:04:42,317 - INFO - 127.0.0.1 - - [08/Aug/2025 10:04:42] "GET /api/image/soldier-training-status/100000002 HTTP/1.1" 200 -
2025-08-08 10:05:01,921 - INFO - 127.0.0.1 - - [08/Aug/2025 10:05:01] "OPTIONS /api/image/delete-soldier/100000002 HTTP/1.1" 200 -
2025-08-08 10:05:01,929 - INFO - Model loaded successfully - 1 soldiers
2025-08-08 10:05:01,931 - INFO - 127.0.0.1 - - [08/Aug/2025 10:05:01] "[33mDELETE /api/image/delete-soldier/100000002 HTTP/1.1[0m" 404 -
2025-08-08 10:05:07,016 - INFO - 127.0.0.1 - - [08/Aug/2025 10:05:07] "GET /api/auth/session-status HTTP/1.1" 200 -
2025-08-08 10:05:36,714 - INFO - 127.0.0.1 - - [08/Aug/2025 10:05:36] "GET /api/auth/session-status HTTP/1.1" 200 -
2025-08-08 10:06:06,680 - INFO - 127.0.0.1 - - [08/Aug/2025 10:06:06] "GET /api/auth/session-status HTTP/1.1" 200 -
2025-08-08 10:06:36,746 - INFO - 127.0.0.1 - - [08/Aug/2025 10:06:36] "GET /api/auth/session-status HTTP/1.1" 200 -
2025-08-08 10:07:07,035 - INFO - 127.0.0.1 - - [08/Aug/2025 10:07:07] "GET /api/auth/session-status HTTP/1.1" 200 -
2025-08-08 10:07:36,739 - INFO - 127.0.0.1 - - [08/Aug/2025 10:07:36] "GET /api/auth/session-status HTTP/1.1" 200 -
2025-08-08 10:08:07,032 - INFO - 127.0.0.1 - - [08/Aug/2025 10:08:07] "GET /api/auth/session-status HTTP/1.1" 200 -
2025-08-08 10:09:00,743 - INFO - 127.0.0.1 - - [08/Aug/2025 10:09:00] "GET /api/auth/session-status HTTP/1.1" 200 -
2025-08-08 10:10:01,059 - INFO - 127.0.0.1 - - [08/Aug/2025 10:10:01] "GET /api/auth/session-status HTTP/1.1" 200 -
2025-08-08 10:11:00,745 - INFO - 127.0.0.1 - - [08/Aug/2025 10:11:00] "GET /api/auth/session-status HTTP/1.1" 200 -
2025-08-08 10:12:01,018 - INFO - 127.0.0.1 - - [08/Aug/2025 10:12:01] "GET /api/auth/session-status HTTP/1.1" 200 -
2025-08-08 10:13:00,715 - INFO - 127.0.0.1 - - [08/Aug/2025 10:13:00] "GET /api/auth/session-status HTTP/1.1" 200 -
2025-08-08 10:14:01,017 - INFO - 127.0.0.1 - - [08/Aug/2025 10:14:01] "GET /api/auth/session-status HTTP/1.1" 200 -
2025-08-08 10:15:00,719 - INFO - 127.0.0.1 - - [08/Aug/2025 10:15:00] "GET /api/auth/session-status HTTP/1.1" 200 -
2025-08-08 10:16:01,026 - INFO - 127.0.0.1 - - [08/Aug/2025 10:16:01] "GET /api/auth/session-status HTTP/1.1" 200 -
2025-08-08 10:17:00,722 - INFO - 127.0.0.1 - - [08/Aug/2025 10:17:00] "GET /api/auth/session-status HTTP/1.1" 200 -
2025-08-08 10:17:50,773 - INFO -  * Detected change in 'D:\\Manodarsh\\backend\\api\\admin\\routes.py', reloading
2025-08-08 10:24:56,105 - DEBUG - Falling back to TensorFlow client; we recommended you install the Cloud TPU client directly with pip install cloud-tpu-client.
2025-08-08 10:24:59,627 - INFO - Refreshing face recognition model...
2025-08-08 10:24:59,628 - INFO - Model loaded successfully - 1 soldiers
2025-08-08 10:24:59,629 - INFO - Model refreshed (manual) - Soldiers: 0 -> 1
2025-08-08 10:24:59,631 - INFO - Auto refresh started with 300s interval
2025-08-08 10:24:59,879 - INFO - Emotion and face detection models loaded successfully
2025-08-08 10:25:00,701 - INFO - Dynamic session timeout loaded: 900 seconds
2025-08-08 10:25:00,756 - INFO - [31m[1mWARNING: This is a development server. Do not use it in a production deployment. Use a production WSGI server instead.[0m
 * Running on http://127.0.0.1:5000
2025-08-08 10:25:00,756 - INFO - [33mPress CTRL+C to quit[0m
2025-08-08 10:25:00,759 - INFO -  * Restarting with stat
2025-08-08 10:25:06,358 - DEBUG - Falling back to TensorFlow client; we recommended you install the Cloud TPU client directly with pip install cloud-tpu-client.
2025-08-08 10:25:08,966 - INFO - Refreshing face recognition model...
2025-08-08 10:25:08,967 - INFO - Model loaded successfully - 1 soldiers
2025-08-08 10:25:08,967 - INFO - Model refreshed (manual) - Soldiers: 0 -> 1
2025-08-08 10:25:08,969 - INFO - Auto refresh started with 300s interval
2025-08-08 10:25:09,196 - INFO - Emotion and face detection models loaded successfully
2025-08-08 10:25:09,879 - INFO - Dynamic session timeout loaded: 900 seconds
2025-08-08 10:25:09,926 - WARNING -  * Debugger is active!
2025-08-08 10:25:09,938 - INFO -  * Debugger PIN: 132-663-522
2025-08-08 10:26:18,785 - INFO - 127.0.0.1 - - [08/Aug/2025 10:26:18] "OPTIONS /api/auth/login HTTP/1.1" 200 -
2025-08-08 10:26:19,448 - INFO - Dynamic session timeout loaded: 900 seconds
2025-08-08 10:26:19,451 - INFO - 127.0.0.1 - - [08/Aug/2025 10:26:19] "POST /api/auth/login HTTP/1.1" 200 -
2025-08-08 10:26:19,521 - INFO - 127.0.0.1 - - [08/Aug/2025 10:26:19] "GET /api/admin/dashboard-stats?timeframe=7d HTTP/1.1" 200 -
2025-08-08 10:26:19,867 - INFO - 127.0.0.1 - - [08/Aug/2025 10:26:19] "GET /api/admin/dashboard-stats?timeframe=7d HTTP/1.1" 200 -
2025-08-08 10:26:21,737 - INFO - 127.0.0.1 - - [08/Aug/2025 10:26:21] "GET /api/monitor/face-model/soldiers HTTP/1.1" 200 -
2025-08-08 10:26:22,052 - INFO - 127.0.0.1 - - [08/Aug/2025 10:26:22] "GET /api/monitor/face-model/soldiers HTTP/1.1" 200 -
2025-08-08 10:26:22,072 - INFO - 127.0.0.1 - - [08/Aug/2025 10:26:22] "GET /api/admin/soldiers HTTP/1.1" 200 -
2025-08-08 10:26:22,335 - INFO - 127.0.0.1 - - [08/Aug/2025 10:26:22] "GET /api/admin/soldiers HTTP/1.1" 200 -
2025-08-08 10:26:22,386 - INFO - Model loaded successfully - 1 soldiers
2025-08-08 10:26:22,388 - INFO - Model loaded successfully - 1 soldiers
2025-08-08 10:26:22,389 - INFO - Model loaded successfully - 1 soldiers
2025-08-08 10:26:22,420 - INFO - 127.0.0.1 - - [08/Aug/2025 10:26:22] "GET /api/monitor/face-model/status HTTP/1.1" 200 -
2025-08-08 10:26:22,427 - INFO - Model loaded successfully - 1 soldiers
2025-08-08 10:26:22,429 - INFO - Model loaded successfully - 1 soldiers
2025-08-08 10:26:22,432 - INFO - Model loaded successfully - 1 soldiers
2025-08-08 10:26:22,459 - INFO - 127.0.0.1 - - [08/Aug/2025 10:26:22] "GET /api/monitor/face-model/status HTTP/1.1" 200 -
2025-08-08 10:26:22,757 - INFO - Model loaded successfully - 1 soldiers
2025-08-08 10:26:22,757 - INFO - 127.0.0.1 - - [08/Aug/2025 10:26:22] "GET /api/image/soldier-training-status/100000001 HTTP/1.1" 200 -
2025-08-08 10:26:22,758 - INFO - Model loaded successfully - 1 soldiers
2025-08-08 10:26:22,759 - INFO - 127.0.0.1 - - [08/Aug/2025 10:26:22] "GET /api/image/soldier-training-status/100000002 HTTP/1.1" 200 -
2025-08-08 10:26:23,077 - INFO - Model loaded successfully - 1 soldiers
2025-08-08 10:26:23,077 - INFO - 127.0.0.1 - - [08/Aug/2025 10:26:23] "GET /api/image/soldier-training-status/100000001 HTTP/1.1" 200 -
2025-08-08 10:26:23,094 - INFO - Model loaded successfully - 1 soldiers
2025-08-08 10:26:23,095 - INFO - 127.0.0.1 - - [08/Aug/2025 10:26:23] "GET /api/image/soldier-training-status/100000002 HTTP/1.1" 200 -
2025-08-08 10:26:27,357 - INFO - 127.0.0.1 - - [08/Aug/2025 10:26:27] "OPTIONS /api/image/delete-soldier/100000002 HTTP/1.1" 200 -
2025-08-08 10:26:27,374 - INFO - Model loaded successfully - 1 soldiers
2025-08-08 10:26:27,414 - INFO - 127.0.0.1 - - [08/Aug/2025 10:26:27] "DELETE /api/image/delete-soldier/100000002 HTTP/1.1" 200 -
2025-08-08 10:26:27,618 - INFO - 127.0.0.1 - - [08/Aug/2025 10:26:27] "GET /api/monitor/face-model/soldiers HTTP/1.1" 200 -
2025-08-08 10:26:27,745 - INFO - 127.0.0.1 - - [08/Aug/2025 10:26:27] "GET /api/admin/soldiers HTTP/1.1" 200 -
2025-08-08 10:26:27,934 - INFO - Model loaded successfully - 1 soldiers
2025-08-08 10:26:27,936 - INFO - Model loaded successfully - 1 soldiers
2025-08-08 10:26:27,937 - INFO - Model loaded successfully - 1 soldiers
2025-08-08 10:26:27,965 - INFO - 127.0.0.1 - - [08/Aug/2025 10:26:27] "GET /api/monitor/face-model/status HTTP/1.1" 200 -
2025-08-08 10:26:28,088 - INFO - Model loaded successfully - 1 soldiers
2025-08-08 10:26:28,088 - INFO - 127.0.0.1 - - [08/Aug/2025 10:26:28] "GET /api/image/soldier-training-status/100000001 HTTP/1.1" 200 -
2025-08-08 10:26:49,997 - INFO - 127.0.0.1 - - [08/Aug/2025 10:26:49] "GET /api/auth/session-status HTTP/1.1" 200 -
2025-08-08 10:27:19,709 - INFO - 127.0.0.1 - - [08/Aug/2025 10:27:19] "GET /api/auth/session-status HTTP/1.1" 200 -
2025-08-08 10:27:50,021 - INFO - 127.0.0.1 - - [08/Aug/2025 10:27:50] "GET /api/auth/session-status HTTP/1.1" 200 -
2025-08-08 10:28:19,711 - INFO - 127.0.0.1 - - [08/Aug/2025 10:28:19] "GET /api/auth/session-status HTTP/1.1" 200 -
2025-08-08 10:28:50,029 - INFO - 127.0.0.1 - - [08/Aug/2025 10:28:50] "GET /api/auth/session-status HTTP/1.1" 200 -
2025-08-08 10:29:19,715 - INFO - 127.0.0.1 - - [08/Aug/2025 10:29:19] "GET /api/auth/session-status HTTP/1.1" 200 -
2025-08-08 10:29:50,017 - INFO - 127.0.0.1 - - [08/Aug/2025 10:29:50] "GET /api/auth/session-status HTTP/1.1" 200 -
2025-08-08 10:30:51,018 - INFO - 127.0.0.1 - - [08/Aug/2025 10:30:51] "GET /api/auth/session-status HTTP/1.1" 200 -
2025-08-08 10:31:52,060 - INFO - 127.0.0.1 - - [08/Aug/2025 10:31:52] "GET /api/auth/session-status HTTP/1.1" 200 -
2025-08-08 10:32:53,033 - INFO - 127.0.0.1 - - [08/Aug/2025 10:32:53] "GET /api/auth/session-status HTTP/1.1" 200 -
2025-08-08 10:33:54,035 - INFO - 127.0.0.1 - - [08/Aug/2025 10:33:54] "GET /api/auth/session-status HTTP/1.1" 200 -
2025-08-08 10:34:55,030 - INFO - 127.0.0.1 - - [08/Aug/2025 10:34:55] "GET /api/auth/session-status HTTP/1.1" 200 -
2025-08-08 10:35:56,028 - INFO - 127.0.0.1 - - [08/Aug/2025 10:35:56] "GET /api/auth/session-status HTTP/1.1" 200 -
2025-08-08 10:36:57,028 - INFO - 127.0.0.1 - - [08/Aug/2025 10:36:57] "GET /api/auth/session-status HTTP/1.1" 200 -
2025-08-08 10:37:58,040 - INFO - 127.0.0.1 - - [08/Aug/2025 10:37:58] "GET /api/auth/session-status HTTP/1.1" 200 -
2025-08-08 10:38:59,028 - INFO - 127.0.0.1 - - [08/Aug/2025 10:38:59] "GET /api/auth/session-status HTTP/1.1" 200 -
2025-08-08 10:40:00,024 - INFO - 127.0.0.1 - - [08/Aug/2025 10:40:00] "GET /api/auth/session-status HTTP/1.1" 200 -
2025-08-08 10:41:01,042 - INFO - 127.0.0.1 - - [08/Aug/2025 10:41:01] "GET /api/auth/session-status HTTP/1.1" 200 -
2025-08-08 10:42:00,730 - INFO - 127.0.0.1 - - [08/Aug/2025 10:42:00] "[31m[1mGET /api/auth/session-status HTTP/1.1[0m" 401 -
2025-08-08 10:46:42,590 - INFO -  * Detected change in 'D:\\Manodarsh\\backend\\services\\enhanced_face_recognition_service.py', reloading
2025-08-08 10:46:43,294 - INFO -  * Restarting with stat
2025-08-08 10:47:11,034 - DEBUG - Falling back to TensorFlow client; we recommended you install the Cloud TPU client directly with pip install cloud-tpu-client.
2025-08-08 10:47:37,548 - INFO - Refreshing face recognition model...
2025-08-08 10:47:37,549 - INFO - Model loaded successfully - 1 soldiers
2025-08-08 10:47:37,550 - INFO - Model refreshed (manual) - Soldiers: 0 -> 1
2025-08-08 10:47:37,551 - INFO - Auto refresh started with 300s interval
2025-08-08 10:47:37,849 - INFO - Emotion and face detection models loaded successfully
2025-08-08 10:47:44,847 - INFO - Dynamic session timeout loaded: 900 seconds
2025-08-08 10:47:44,984 - WARNING -  * Debugger is active!
2025-08-08 10:47:44,994 - INFO -  * Debugger PIN: 132-663-522
2025-08-08 10:48:00,395 - INFO -  * Detected change in 'D:\\Manodarsh\\backend\\services\\enhanced_face_recognition_service.py', reloading
2025-08-08 10:48:01,014 - INFO -  * Restarting with stat
2025-08-08 10:48:07,757 - DEBUG - Falling back to TensorFlow client; we recommended you install the Cloud TPU client directly with pip install cloud-tpu-client.
2025-08-08 10:48:10,497 - INFO - Refreshing face recognition model...
2025-08-08 10:48:10,499 - INFO - Model loaded successfully - 1 soldiers
2025-08-08 10:48:10,499 - INFO - Model refreshed (manual) - Soldiers: 0 -> 1
2025-08-08 10:48:10,501 - INFO - Auto refresh started with 300s interval
2025-08-08 10:48:10,796 - INFO - Emotion and face detection models loaded successfully
2025-08-08 10:48:11,687 - INFO - Dynamic session timeout loaded: 900 seconds
2025-08-08 10:48:11,741 - WARNING -  * Debugger is active!
2025-08-08 10:48:11,751 - INFO -  * Debugger PIN: 132-663-522
2025-08-08 10:48:15,574 - INFO -  * Detected change in 'D:\\Manodarsh\\backend\\services\\enhanced_face_recognition_service.py', reloading
2025-08-08 10:48:16,170 - INFO -  * Restarting with stat
2025-08-08 10:48:23,354 - DEBUG - Falling back to TensorFlow client; we recommended you install the Cloud TPU client directly with pip install cloud-tpu-client.
2025-08-08 10:48:26,643 - INFO - Refreshing face recognition model...
2025-08-08 10:48:26,645 - INFO - Model loaded successfully - 1 soldiers
2025-08-08 10:48:26,646 - INFO - Model refreshed (manual) - Soldiers: 0 -> 1
2025-08-08 10:48:26,648 - INFO - Auto refresh started with 300s interval
2025-08-08 10:48:27,004 - INFO - Emotion and face detection models loaded successfully
2025-08-08 10:48:27,824 - INFO - Dynamic session timeout loaded: 900 seconds
2025-08-08 10:48:27,922 - WARNING -  * Debugger is active!
2025-08-08 10:48:27,936 - INFO -  * Debugger PIN: 132-663-522
2025-08-08 10:48:37,827 - INFO -  * Detected change in 'D:\\Manodarsh\\backend\\api\\image\\routes.py', reloading
2025-08-08 10:48:38,381 - INFO -  * Restarting with stat
2025-08-08 10:48:45,501 - DEBUG - Falling back to TensorFlow client; we recommended you install the Cloud TPU client directly with pip install cloud-tpu-client.
2025-08-08 10:48:48,626 - INFO - Refreshing face recognition model...
2025-08-08 10:48:48,628 - INFO - Model loaded successfully - 1 soldiers
2025-08-08 10:48:48,629 - INFO - Model refreshed (manual) - Soldiers: 0 -> 1
2025-08-08 10:48:48,631 - INFO - Auto refresh started with 300s interval
2025-08-08 10:48:48,898 - INFO - Emotion and face detection models loaded successfully
2025-08-08 10:48:49,591 - INFO - Dynamic session timeout loaded: 900 seconds
2025-08-08 10:48:49,640 - WARNING -  * Debugger is active!
2025-08-08 10:48:49,650 - INFO -  * Debugger PIN: 132-663-522
2025-08-08 10:48:57,304 - INFO -  * Detected change in 'D:\\Manodarsh\\backend\\api\\image\\routes.py', reloading
2025-08-08 10:48:58,040 - INFO -  * Restarting with stat
2025-08-08 10:49:05,380 - DEBUG - Falling back to TensorFlow client; we recommended you install the Cloud TPU client directly with pip install cloud-tpu-client.
2025-08-08 10:49:08,356 - INFO - Refreshing face recognition model...
2025-08-08 10:49:08,357 - INFO - Model loaded successfully - 1 soldiers
2025-08-08 10:49:08,357 - INFO - Model refreshed (manual) - Soldiers: 0 -> 1
2025-08-08 10:49:08,359 - INFO - Auto refresh started with 300s interval
2025-08-08 10:49:08,617 - INFO - Emotion and face detection models loaded successfully
2025-08-08 10:49:09,351 - INFO - Dynamic session timeout loaded: 900 seconds
2025-08-08 10:49:09,408 - WARNING -  * Debugger is active!
2025-08-08 10:49:09,419 - INFO -  * Debugger PIN: 132-663-522
2025-08-08 10:49:13,217 - INFO -  * Detected change in 'D:\\Manodarsh\\backend\\api\\image\\routes.py', reloading
2025-08-08 10:49:13,730 - INFO -  * Restarting with stat
2025-08-08 11:10:37,576 - DEBUG - Falling back to TensorFlow client; we recommended you install the Cloud TPU client directly with pip install cloud-tpu-client.
2025-08-08 11:10:42,899 - INFO - Refreshing face recognition model...
2025-08-08 11:10:42,901 - INFO - Model loaded successfully - 1 soldiers
2025-08-08 11:10:42,902 - INFO - Model refreshed (manual) - Soldiers: 0 -> 1
2025-08-08 11:10:42,904 - INFO - Auto refresh started with 300s interval
2025-08-08 11:10:43,296 - INFO - Emotion and face detection models loaded successfully
2025-08-08 11:10:44,521 - INFO - Dynamic session timeout loaded: 900 seconds
2025-08-08 11:10:44,656 - INFO - [31m[1mWARNING: This is a development server. Do not use it in a production deployment. Use a production WSGI server instead.[0m
 * Running on http://127.0.0.1:5000
2025-08-08 11:10:44,656 - INFO - [33mPress CTRL+C to quit[0m
2025-08-08 11:10:44,662 - INFO -  * Restarting with stat
2025-08-08 11:10:52,967 - DEBUG - Falling back to TensorFlow client; we recommended you install the Cloud TPU client directly with pip install cloud-tpu-client.
2025-08-08 11:10:57,322 - INFO - Refreshing face recognition model...
2025-08-08 11:10:57,323 - INFO - Model loaded successfully - 1 soldiers
2025-08-08 11:10:57,324 - INFO - Model refreshed (manual) - Soldiers: 0 -> 1
2025-08-08 11:10:57,327 - INFO - Auto refresh started with 300s interval
2025-08-08 11:10:57,663 - INFO - Emotion and face detection models loaded successfully
2025-08-08 11:10:58,775 - INFO - Dynamic session timeout loaded: 900 seconds
2025-08-08 11:10:58,834 - WARNING -  * Debugger is active!
2025-08-08 11:10:58,846 - INFO -  * Debugger PIN: 132-663-522
2025-08-08 11:11:33,772 - INFO - 127.0.0.1 - - [08/Aug/2025 11:11:33] "OPTIONS /api/auth/login HTTP/1.1" 200 -
2025-08-08 11:11:34,592 - INFO - Dynamic session timeout loaded: 900 seconds
2025-08-08 11:11:34,601 - INFO - 127.0.0.1 - - [08/Aug/2025 11:11:34] "POST /api/auth/login HTTP/1.1" 200 -
2025-08-08 11:11:34,738 - INFO - 127.0.0.1 - - [08/Aug/2025 11:11:34] "GET /api/admin/dashboard-stats?timeframe=7d HTTP/1.1" 200 -
2025-08-08 11:11:35,130 - INFO - 127.0.0.1 - - [08/Aug/2025 11:11:35] "GET /api/admin/dashboard-stats?timeframe=7d HTTP/1.1" 200 -
2025-08-08 11:11:41,545 - INFO - 127.0.0.1 - - [08/Aug/2025 11:11:41] "GET /api/admin/soldiers-report?risk_level=all&days=7&page=1&per_page=20 HTTP/1.1" 200 -
2025-08-08 11:11:42,020 - INFO - 127.0.0.1 - - [08/Aug/2025 11:11:42] "GET /api/admin/soldiers-report?risk_level=all&days=7&page=1&per_page=20 HTTP/1.1" 200 -
2025-08-08 11:11:42,078 - INFO - 127.0.0.1 - - [08/Aug/2025 11:11:42] "GET /api/admin/soldiers-report?risk_level=all&days=7&page=1&per_page=10000 HTTP/1.1" 200 -
2025-08-08 11:11:42,398 - INFO - 127.0.0.1 - - [08/Aug/2025 11:11:42] "GET /api/admin/soldiers-report?risk_level=all&days=7&page=1&per_page=10000 HTTP/1.1" 200 -
2025-08-08 11:11:49,791 - INFO - 127.0.0.1 - - [08/Aug/2025 11:11:49] "GET /api/admin/questionnaires HTTP/1.1" 200 -
2025-08-08 11:11:50,134 - INFO - 127.0.0.1 - - [08/Aug/2025 11:11:50] "GET /api/admin/questionnaires HTTP/1.1" 200 -
2025-08-08 11:11:52,136 - INFO - 127.0.0.1 - - [08/Aug/2025 11:11:52] "GET /api/monitor/face-model/soldiers HTTP/1.1" 200 -
2025-08-08 11:11:52,457 - INFO - 127.0.0.1 - - [08/Aug/2025 11:11:52] "GET /api/monitor/face-model/soldiers HTTP/1.1" 200 -
2025-08-08 11:11:52,499 - INFO - 127.0.0.1 - - [08/Aug/2025 11:11:52] "GET /api/admin/soldiers HTTP/1.1" 200 -
2025-08-08 11:11:52,751 - INFO - 127.0.0.1 - - [08/Aug/2025 11:11:52] "GET /api/admin/soldiers HTTP/1.1" 200 -
2025-08-08 11:11:52,823 - INFO - Model loaded successfully - 1 soldiers
2025-08-08 11:11:52,825 - INFO - Model loaded successfully - 1 soldiers
2025-08-08 11:11:52,829 - INFO - Model loaded successfully - 1 soldiers
2025-08-08 11:11:52,873 - INFO - 127.0.0.1 - - [08/Aug/2025 11:11:52] "GET /api/monitor/face-model/status HTTP/1.1" 200 -
2025-08-08 11:11:52,887 - INFO - Model loaded successfully - 1 soldiers
2025-08-08 11:11:52,890 - INFO - Model loaded successfully - 1 soldiers
2025-08-08 11:11:52,893 - INFO - Model loaded successfully - 1 soldiers
2025-08-08 11:11:52,937 - INFO - 127.0.0.1 - - [08/Aug/2025 11:11:52] "GET /api/monitor/face-model/status HTTP/1.1" 200 -
2025-08-08 11:11:53,233 - INFO - Model loaded successfully - 1 soldiers
2025-08-08 11:11:53,234 - INFO - 127.0.0.1 - - [08/Aug/2025 11:11:53] "GET /api/image/soldier-training-status/100000001 HTTP/1.1" 200 -
2025-08-08 11:11:53,577 - INFO - Model loaded successfully - 1 soldiers
2025-08-08 11:11:53,579 - INFO - 127.0.0.1 - - [08/Aug/2025 11:11:53] "GET /api/image/soldier-training-status/100000001 HTTP/1.1" 200 -
2025-08-08 11:11:57,697 - INFO - 127.0.0.1 - - [08/Aug/2025 11:11:57] "GET /api/admin/settings/system-settings HTTP/1.1" 200 -
2025-08-08 11:11:57,978 - INFO - 127.0.0.1 - - [08/Aug/2025 11:11:57] "GET /api/admin/settings/settings-categories HTTP/1.1" 200 -
2025-08-08 11:11:58,053 - INFO - 127.0.0.1 - - [08/Aug/2025 11:11:58] "GET /api/admin/settings/system-settings HTTP/1.1" 200 -
2025-08-08 11:11:58,303 - INFO - 127.0.0.1 - - [08/Aug/2025 11:11:58] "GET /api/admin/settings/settings-categories HTTP/1.1" 200 -
2025-08-08 11:12:04,944 - INFO - 127.0.0.1 - - [08/Aug/2025 11:12:04] "GET /api/auth/session-status HTTP/1.1" 200 -
2025-08-08 11:12:06,804 - INFO - 127.0.0.1 - - [08/Aug/2025 11:12:06] "GET /api/admin/dashboard-stats?timeframe=7d HTTP/1.1" 200 -
2025-08-08 11:12:07,170 - INFO - 127.0.0.1 - - [08/Aug/2025 11:12:07] "GET /api/admin/dashboard-stats?timeframe=7d HTTP/1.1" 200 -
2025-08-08 11:12:11,448 - INFO - 127.0.0.1 - - [08/Aug/2025 11:12:11] "GET /api/admin/soldiers-report?risk_level=all&days=7&page=1&per_page=20 HTTP/1.1" 200 -
2025-08-08 11:12:11,858 - INFO - 127.0.0.1 - - [08/Aug/2025 11:12:11] "GET /api/admin/soldiers-report?risk_level=all&days=7&page=1&per_page=20 HTTP/1.1" 200 -
2025-08-08 11:12:11,884 - INFO - 127.0.0.1 - - [08/Aug/2025 11:12:11] "GET /api/admin/soldiers-report?risk_level=all&days=7&page=1&per_page=10000 HTTP/1.1" 200 -
2025-08-08 11:12:12,098 - INFO - 127.0.0.1 - - [08/Aug/2025 11:12:12] "GET /api/admin/soldiers-report?risk_level=all&days=7&page=1&per_page=10000 HTTP/1.1" 200 -
2025-08-08 11:12:14,745 - INFO - 127.0.0.1 - - [08/Aug/2025 11:12:14] "GET /api/admin/questionnaires HTTP/1.1" 200 -
2025-08-08 11:12:15,099 - INFO - 127.0.0.1 - - [08/Aug/2025 11:12:15] "GET /api/admin/questionnaires HTTP/1.1" 200 -
2025-08-08 11:12:19,077 - INFO - 127.0.0.1 - - [08/Aug/2025 11:12:19] "GET /api/admin/questionnaires HTTP/1.1" 200 -
2025-08-08 11:12:19,416 - INFO - 127.0.0.1 - - [08/Aug/2025 11:12:19] "GET /api/admin/questionnaires HTTP/1.1" 200 -
2025-08-08 11:12:22,520 - INFO - 127.0.0.1 - - [08/Aug/2025 11:12:22] "GET /api/monitor/face-model/soldiers HTTP/1.1" 200 -
2025-08-08 11:12:22,848 - INFO - 127.0.0.1 - - [08/Aug/2025 11:12:22] "GET /api/monitor/face-model/soldiers HTTP/1.1" 200 -
2025-08-08 11:12:22,883 - INFO - 127.0.0.1 - - [08/Aug/2025 11:12:22] "GET /api/admin/soldiers HTTP/1.1" 200 -
2025-08-08 11:12:23,123 - INFO - 127.0.0.1 - - [08/Aug/2025 11:12:23] "GET /api/admin/soldiers HTTP/1.1" 200 -
2025-08-08 11:12:23,204 - INFO - Model loaded successfully - 1 soldiers
2025-08-08 11:12:23,208 - INFO - Model loaded successfully - 1 soldiers
2025-08-08 11:12:23,211 - INFO - Model loaded successfully - 1 soldiers
2025-08-08 11:12:23,265 - INFO - 127.0.0.1 - - [08/Aug/2025 11:12:23] "GET /api/monitor/face-model/status HTTP/1.1" 200 -
2025-08-08 11:12:23,289 - INFO - Model loaded successfully - 1 soldiers
2025-08-08 11:12:23,301 - INFO - Model loaded successfully - 1 soldiers
2025-08-08 11:12:23,303 - INFO - Model loaded successfully - 1 soldiers
2025-08-08 11:12:23,361 - INFO - 127.0.0.1 - - [08/Aug/2025 11:12:23] "GET /api/monitor/face-model/status HTTP/1.1" 200 -
2025-08-08 11:12:23,643 - INFO - Model loaded successfully - 1 soldiers
2025-08-08 11:12:23,645 - INFO - 127.0.0.1 - - [08/Aug/2025 11:12:23] "GET /api/image/soldier-training-status/100000001 HTTP/1.1" 200 -
2025-08-08 11:12:23,992 - INFO - Model loaded successfully - 1 soldiers
2025-08-08 11:12:23,993 - INFO - 127.0.0.1 - - [08/Aug/2025 11:12:23] "GET /api/image/soldier-training-status/100000001 HTTP/1.1" 200 -
2025-08-08 11:12:34,708 - INFO - 127.0.0.1 - - [08/Aug/2025 11:12:34] "GET /api/auth/session-status HTTP/1.1" 200 -
2025-08-08 18:12:45,987 - DEBUG - Falling back to TensorFlow client; we recommended you install the Cloud TPU client directly with pip install cloud-tpu-client.
2025-08-08 18:12:49,184 - INFO - Refreshing face recognition model...
2025-08-08 18:12:49,186 - INFO - Model loaded successfully - 1 soldiers
2025-08-08 18:12:49,186 - INFO - Model refreshed (manual) - Soldiers: 0 -> 1
2025-08-08 18:12:49,188 - INFO - Auto refresh started with 300s interval
2025-08-08 18:12:49,497 - INFO - Emotion and face detection models loaded successfully
2025-08-08 18:12:50,275 - INFO - Dynamic session timeout loaded: 900 seconds
2025-08-08 18:12:50,323 - INFO - [31m[1mWARNING: This is a development server. Do not use it in a production deployment. Use a production WSGI server instead.[0m
 * Running on http://127.0.0.1:5000
2025-08-08 18:12:50,324 - INFO - [33mPress CTRL+C to quit[0m
2025-08-08 18:12:50,327 - INFO -  * Restarting with stat
2025-08-08 18:12:56,028 - DEBUG - Falling back to TensorFlow client; we recommended you install the Cloud TPU client directly with pip install cloud-tpu-client.
2025-08-08 18:12:59,020 - INFO - Refreshing face recognition model...
2025-08-08 18:12:59,022 - INFO - Model loaded successfully - 1 soldiers
2025-08-08 18:12:59,023 - INFO - Model refreshed (manual) - Soldiers: 0 -> 1
2025-08-08 18:12:59,024 - INFO - Auto refresh started with 300s interval
2025-08-08 18:12:59,228 - INFO - Emotion and face detection models loaded successfully
2025-08-08 18:12:59,881 - INFO - Dynamic session timeout loaded: 900 seconds
2025-08-08 18:12:59,920 - WARNING -  * Debugger is active!
2025-08-08 18:12:59,929 - INFO -  * Debugger PIN: 132-663-522
2025-08-08 18:14:01,461 - INFO - 127.0.0.1 - - [08/Aug/2025 18:14:01] "OPTIONS /api/auth/login HTTP/1.1" 200 -
2025-08-08 18:14:02,088 - INFO - Dynamic session timeout loaded: 900 seconds
2025-08-08 18:14:02,096 - INFO - 127.0.0.1 - - [08/Aug/2025 18:14:02] "POST /api/auth/login HTTP/1.1" 200 -
2025-08-08 18:14:02,171 - INFO - 127.0.0.1 - - [08/Aug/2025 18:14:02] "GET /api/admin/dashboard-stats?timeframe=7d HTTP/1.1" 200 -
2025-08-08 18:14:02,534 - INFO - 127.0.0.1 - - [08/Aug/2025 18:14:02] "GET /api/admin/dashboard-stats?timeframe=7d HTTP/1.1" 200 -
2025-08-08 18:14:19,272 - INFO - 127.0.0.1 - - [08/Aug/2025 18:14:19] "GET /api/admin/soldiers-report?risk_level=all&days=7&page=1&per_page=20 HTTP/1.1" 200 -
2025-08-08 18:14:19,654 - INFO - 127.0.0.1 - - [08/Aug/2025 18:14:19] "GET /api/admin/soldiers-report?risk_level=all&days=7&page=1&per_page=20 HTTP/1.1" 200 -
2025-08-08 18:14:19,656 - INFO - 127.0.0.1 - - [08/Aug/2025 18:14:19] "GET /api/admin/soldiers-report?risk_level=all&days=7&page=1&per_page=10000 HTTP/1.1" 200 -
2025-08-08 18:14:19,944 - INFO - 127.0.0.1 - - [08/Aug/2025 18:14:19] "GET /api/admin/soldiers-report?risk_level=all&days=7&page=1&per_page=10000 HTTP/1.1" 200 -
2025-08-08 18:14:32,146 - INFO - 127.0.0.1 - - [08/Aug/2025 18:14:32] "GET /api/auth/session-status HTTP/1.1" 200 -
2025-08-08 18:15:02,465 - INFO - 127.0.0.1 - - [08/Aug/2025 18:15:02] "GET /api/auth/session-status HTTP/1.1" 200 -
2025-08-08 18:15:32,152 - INFO - 127.0.0.1 - - [08/Aug/2025 18:15:32] "GET /api/auth/session-status HTTP/1.1" 200 -
2025-08-08 18:16:02,461 - INFO - 127.0.0.1 - - [08/Aug/2025 18:16:02] "GET /api/auth/session-status HTTP/1.1" 200 -
2025-08-08 18:16:32,157 - INFO - 127.0.0.1 - - [08/Aug/2025 18:16:32] "GET /api/auth/session-status HTTP/1.1" 200 -
2025-08-08 18:17:02,470 - INFO - 127.0.0.1 - - [08/Aug/2025 18:17:02] "GET /api/auth/session-status HTTP/1.1" 200 -
2025-08-08 18:17:32,157 - INFO - 127.0.0.1 - - [08/Aug/2025 18:17:32] "GET /api/auth/session-status HTTP/1.1" 200 -
2025-08-08 18:18:33,463 - INFO - 127.0.0.1 - - [08/Aug/2025 18:18:33] "GET /api/auth/session-status HTTP/1.1" 200 -
2025-08-08 18:19:34,461 - INFO - 127.0.0.1 - - [08/Aug/2025 18:19:34] "GET /api/auth/session-status HTTP/1.1" 200 -
2025-08-08 18:20:35,512 - INFO - 127.0.0.1 - - [08/Aug/2025 18:20:35] "GET /api/auth/session-status HTTP/1.1" 200 -
2025-08-08 18:21:36,482 - INFO - 127.0.0.1 - - [08/Aug/2025 18:21:36] "GET /api/auth/session-status HTTP/1.1" 200 -
2025-08-08 18:22:07,735 - INFO - 127.0.0.1 - - [08/Aug/2025 18:22:07] "GET /api/auth/session-status HTTP/1.1" 200 -
2025-08-08 18:22:32,468 - INFO - 127.0.0.1 - - [08/Aug/2025 18:22:32] "GET /api/auth/session-status HTTP/1.1" 200 -
2025-08-08 18:23:02,160 - INFO - 127.0.0.1 - - [08/Aug/2025 18:23:02] "GET /api/auth/session-status HTTP/1.1" 200 -
2025-08-08 18:23:58,462 - INFO - 127.0.0.1 - - [08/Aug/2025 18:23:58] "GET /api/auth/session-status HTTP/1.1" 200 -
2025-08-08 18:24:58,150 - INFO - 127.0.0.1 - - [08/Aug/2025 18:24:58] "GET /api/auth/session-status HTTP/1.1" 200 -
2025-08-08 18:25:58,463 - INFO - 127.0.0.1 - - [08/Aug/2025 18:25:58] "GET /api/auth/session-status HTTP/1.1" 200 -
2025-08-08 18:26:58,155 - INFO - 127.0.0.1 - - [08/Aug/2025 18:26:58] "GET /api/auth/session-status HTTP/1.1" 200 -
2025-08-08 18:27:58,465 - INFO - 127.0.0.1 - - [08/Aug/2025 18:27:58] "GET /api/auth/session-status HTTP/1.1" 200 -
2025-08-08 18:28:58,148 - INFO - 127.0.0.1 - - [08/Aug/2025 18:28:58] "GET /api/auth/session-status HTTP/1.1" 200 -
2025-08-08 18:29:58,467 - INFO - 127.0.0.1 - - [08/Aug/2025 18:29:58] "[31m[1mGET /api/auth/session-status HTTP/1.1[0m" 401 -
2025-08-08 18:50:22,788 - INFO -  * Detected change in 'D:\\Manodarsh\\backend\\services\\face_model_manager.py', reloading
2025-08-08 18:50:23,756 - INFO -  * Restarting with stat
2025-08-08 18:50:29,419 - DEBUG - Falling back to TensorFlow client; we recommended you install the Cloud TPU client directly with pip install cloud-tpu-client.
2025-08-08 18:50:32,340 - INFO - Refreshing face recognition model...
2025-08-08 18:50:32,341 - INFO - Model loaded successfully - 1 soldiers
2025-08-08 18:50:32,342 - INFO - Model refreshed (manual) - Soldiers: 0 -> 1
2025-08-08 18:50:32,344 - INFO - Auto refresh started with 300s interval
2025-08-08 18:50:32,591 - INFO - Emotion and face detection models loaded successfully
2025-08-08 18:50:33,346 - INFO - Dynamic session timeout loaded: 900 seconds
2025-08-08 18:50:33,401 - WARNING -  * Debugger is active!
2025-08-08 18:50:33,415 - INFO -  * Debugger PIN: 132-663-522
2025-08-08 18:50:49,535 - INFO -  * Detected change in 'D:\\Manodarsh\\backend\\services\\face_model_manager.py', reloading
2025-08-08 18:50:50,061 - INFO -  * Restarting with stat
2025-08-08 18:50:56,023 - DEBUG - Falling back to TensorFlow client; we recommended you install the Cloud TPU client directly with pip install cloud-tpu-client.
2025-08-08 18:50:58,633 - INFO - Refreshing face recognition model...
2025-08-08 18:50:58,634 - INFO - Model loaded successfully - 1 soldiers
2025-08-08 18:50:58,634 - INFO - Model refreshed (manual) - Soldiers: 0 -> 1
2025-08-08 18:50:58,636 - INFO - Auto refresh started with 300s interval
2025-08-08 18:50:58,829 - INFO - Emotion and face detection models loaded successfully
2025-08-08 18:50:59,605 - INFO - Dynamic session timeout loaded: 900 seconds
2025-08-08 18:50:59,659 - WARNING -  * Debugger is active!
2025-08-08 18:50:59,670 - INFO -  * Debugger PIN: 132-663-522
2025-08-08 19:19:40,390 - INFO - 127.0.0.1 - - [08/Aug/2025 19:19:40] "OPTIONS /api/auth/login HTTP/1.1" 200 -
2025-08-08 19:19:41,006 - INFO - Dynamic session timeout loaded: 900 seconds
2025-08-08 19:19:41,008 - INFO - 127.0.0.1 - - [08/Aug/2025 19:19:41] "POST /api/auth/login HTTP/1.1" 200 -
2025-08-08 19:19:41,110 - INFO - 127.0.0.1 - - [08/Aug/2025 19:19:41] "GET /api/admin/dashboard-stats?timeframe=7d HTTP/1.1" 200 -
2025-08-08 19:19:41,456 - INFO - 127.0.0.1 - - [08/Aug/2025 19:19:41] "GET /api/admin/dashboard-stats?timeframe=7d HTTP/1.1" 200 -
2025-08-08 19:20:06,990 - INFO -  * Detected change in 'D:\\Manodarsh\\backend\\services\\face_model_manager.py', reloading
2025-08-08 19:20:07,596 - INFO -  * Restarting with stat
2025-08-08 19:20:13,110 - DEBUG - Falling back to TensorFlow client; we recommended you install the Cloud TPU client directly with pip install cloud-tpu-client.
2025-08-08 19:20:16,072 - INFO - Refreshing face recognition model...
2025-08-08 19:20:16,072 - INFO - Model loaded successfully - 1 soldiers
2025-08-08 19:20:16,073 - INFO - Model refreshed (manual) - Soldiers: 0 -> 1
2025-08-08 19:20:16,073 - INFO - Auto refresh started with 300s interval
2025-08-08 19:20:16,337 - INFO - Emotion and face detection models loaded successfully
2025-08-08 19:20:17,151 - INFO - Dynamic session timeout loaded: 900 seconds
2025-08-08 19:20:17,191 - WARNING -  * Debugger is active!
2025-08-08 19:20:17,199 - INFO -  * Debugger PIN: 132-663-522
2025-08-08 19:20:17,589 - INFO - 127.0.0.1 - - [08/Aug/2025 19:20:17] "GET /api/auth/session-status HTTP/1.1" 200 -
2025-08-08 19:20:23,580 - INFO -  * Detected change in 'D:\\Manodarsh\\backend\\services\\face_model_manager.py', reloading
2025-08-08 19:20:24,322 - INFO -  * Restarting with stat
2025-08-08 19:20:30,892 - DEBUG - Falling back to TensorFlow client; we recommended you install the Cloud TPU client directly with pip install cloud-tpu-client.
2025-08-08 19:20:34,237 - INFO - Refreshing face recognition model...
2025-08-08 19:20:34,238 - INFO - Model loaded successfully - 1 soldiers
2025-08-08 19:20:34,238 - INFO - Model refreshed (manual) - Soldiers: 0 -> 1
2025-08-08 19:20:34,240 - INFO - Auto refresh started with 300s interval
2025-08-08 19:20:34,512 - INFO - Emotion and face detection models loaded successfully
2025-08-08 19:20:35,383 - INFO - Dynamic session timeout loaded: 900 seconds
2025-08-08 19:20:35,440 - WARNING -  * Debugger is active!
2025-08-08 19:20:35,450 - INFO -  * Debugger PIN: 132-663-522
2025-08-08 19:20:41,469 - INFO - 127.0.0.1 - - [08/Aug/2025 19:20:41] "GET /api/auth/session-status HTTP/1.1" 200 -
2025-08-08 19:20:46,599 - INFO -  * Detected change in 'D:\\Manodarsh\\backend\\services\\face_model_manager.py', reloading
2025-08-08 19:20:47,297 - INFO -  * Restarting with stat
2025-08-08 19:20:53,784 - DEBUG - Falling back to TensorFlow client; we recommended you install the Cloud TPU client directly with pip install cloud-tpu-client.
2025-08-08 19:20:56,794 - INFO - Refreshing face recognition model...
2025-08-08 19:20:56,795 - INFO - Model loaded successfully - 1 soldiers
2025-08-08 19:20:56,796 - INFO - Model refreshed (manual) - Soldiers: 0 -> 1
2025-08-08 19:20:56,798 - INFO - Auto refresh started with 300s interval
2025-08-08 19:20:57,016 - INFO - Emotion and face detection models loaded successfully
2025-08-08 19:20:57,876 - INFO - Dynamic session timeout loaded: 900 seconds
2025-08-08 19:20:57,915 - WARNING -  * Debugger is active!
2025-08-08 19:20:57,923 - INFO -  * Debugger PIN: 132-663-522
2025-08-08 19:21:11,468 - INFO - 127.0.0.1 - - [08/Aug/2025 19:21:11] "GET /api/auth/session-status HTTP/1.1" 200 -
2025-08-08 19:21:41,175 - INFO - 127.0.0.1 - - [08/Aug/2025 19:21:41] "GET /api/auth/session-status HTTP/1.1" 200 -
2025-08-08 19:22:11,465 - INFO - 127.0.0.1 - - [08/Aug/2025 19:22:11] "GET /api/auth/session-status HTTP/1.1" 200 -
2025-08-08 19:22:41,162 - INFO - 127.0.0.1 - - [08/Aug/2025 19:22:41] "GET /api/auth/session-status HTTP/1.1" 200 -
2025-08-08 19:23:06,882 - INFO -  * Detected change in 'D:\\Manodarsh\\backend\\services\\face_model_manager.py', reloading
2025-08-08 19:23:07,510 - INFO -  * Restarting with stat
2025-08-08 19:23:14,255 - DEBUG - Falling back to TensorFlow client; we recommended you install the Cloud TPU client directly with pip install cloud-tpu-client.
2025-08-08 19:23:16,922 - INFO - Refreshing face recognition model...
2025-08-08 19:23:16,923 - INFO - Model loaded successfully - 1 soldiers
2025-08-08 19:23:16,923 - INFO - Model refreshed (manual) - Soldiers: 0 -> 1
2025-08-08 19:23:16,925 - INFO - Auto refresh started with 300s interval
2025-08-08 19:23:17,162 - INFO - Emotion and face detection models loaded successfully
2025-08-08 19:23:17,892 - INFO - Dynamic session timeout loaded: 900 seconds
2025-08-08 19:23:17,935 - WARNING -  * Debugger is active!
2025-08-08 19:23:17,947 - INFO -  * Debugger PIN: 132-663-522
2025-08-08 19:23:18,366 - INFO - 127.0.0.1 - - [08/Aug/2025 19:23:18] "GET /api/auth/session-status HTTP/1.1" 200 -
2025-08-08 19:23:58,150 - INFO - 127.0.0.1 - - [08/Aug/2025 19:23:58] "GET /api/auth/session-status HTTP/1.1" 200 -
2025-08-08 19:24:58,462 - INFO - 127.0.0.1 - - [08/Aug/2025 19:24:58] "GET /api/auth/session-status HTTP/1.1" 200 -
2025-08-08 19:25:58,147 - INFO - 127.0.0.1 - - [08/Aug/2025 19:25:58] "GET /api/auth/session-status HTTP/1.1" 200 -
2025-08-08 19:26:12,050 - INFO - 127.0.0.1 - - [08/Aug/2025 19:26:12] "GET /api/auth/session-status HTTP/1.1" 200 -
2025-08-08 19:26:16,669 - INFO -  * Detected change in 'D:\\Manodarsh\\backend\\services\\face_model_manager.py', reloading
